date,market_price_usd,tx_volume_usd,tx_count,hash_rate,avg_tx_value_usd,price_change_pct,price_7d_avg,price_30d_avg,volume_7d_avg,year,month
2024-02-19,52128.57,4823413490.972352,366108.0,552511789.8013868,92579.36385569004,,52128.57,52128.57,4823413490.97,2024,2
2024-02-20,51782.08,8084102403.71277,397096.0,572824723.2499672,155974.16975119,-0.6647,51955.32,51955.32,6453757947.34,2024,2
2024-02-21,52269.58,8039334308.491749,369949.0,560636963.180819,156717.58651566,0.9414,52060.08,52060.08,6982283401.06,2024,2
2024-02-22,51862.86,8872259885.789461,365090.0,548449203.1116709,172024.47139167003,-0.7781,52010.77,52010.77,7454777522.24,2024,2
2024-02-23,51303.43,7894519042.487277,409204.0,645951283.6648567,154642.81657571995,-1.0787,51869.3,51869.3,7542725826.29,2024,2
2024-02-24,50727.66,3416208944.371803,340419.0,556574376.491103,66746.01973465,-1.1223,51679.03,51679.03,6854973012.64,2024,2
2024-02-25,51559.99,2336779584.3757186,418801.0,666264217.113437,45243.21474472999,1.6408,51662.02,51662.02,6209516808.6,2024,2
2024-02-26,51727.76,7973852984.805449,356184.0,540324029.7322387,150876.54419182,0.3254,51604.77,51670.24,6659579593.43,2024,2
2024-02-27,54529.54,12309674248.943565,387598.0,524073682.9733743,217891.28305998002,5.4164,51997.26,51987.94,7263232714.18,2024,2
2024-02-28,57075.01,17690707393.755234,413800.0,605325416.7676959,293796.70800273,4.6681,52683.75,52496.65,8642000297.79,2024,2
2024-02-29,62498.79,15960554472.385185,407090.0,540324029.7322387,257066.23534256002,9.5029,54203.17,53405.93,9654613810.16,2024,2
2024-03-01,61172.49,15155004614.209974,419284.0,608054004.3789,244958.43239796988,-2.1221,55613.03,54053.15,10691826034.69,2024,3
2024-03-02,62437.0,3495344246.4389367,339311.0,500960510.12181586,56427.36408145998,2.0671,57285.8,54698.06,10703131077.84,2024,3
2024-03-03,62033.66,3175882955.33311,385447.0,611408496.6053661,51087.47155285001,-0.646,58782.04,55222.03,10823002987.98,2024,3
2024-03-04,63168.4,14721280340.494514,361258.0,508849652.01349825,222866.0078484802,1.8292,60416.41,55751.79,11786921181.65,2024,3
2024-03-05,68377.67,19156443673.329258,424347.0,658743347.9554589,292116.82077567995,8.2466,62394.72,56540.91,12765031099.42,2024,3
2024-03-06,63797.73,19598765884.1782,381934.0,552239932.41775,297300.96451121,-6.698,63355.11,56967.78,13037610883.77,2024,3
2024-03-07,66102.23,15234928433.510197,436344.0,710022770.2513928,227722.10244712004,3.6122,63869.88,57475.25,12933950021.07,2024,3
2024-03-08,66937.0,15049636665.76224,426928.0,607463925.659525,221418.52248269992,1.2628,64693.38,57973.23,12918897457.01,2024,3
2024-03-09,68306.9,4704779112.537283,359029.0,642965064.1720946,69037.53327066,2.0466,65531.94,58489.92,13091673866.45,2024,3
2024-03-10,68499.42,5757164174.643835,368196.0,564073645.2552733,83170.59843322003,0.2818,66455.62,58966.56,13460428326.35,2024,3
2024-03-11,69026.97,18287980135.98232,394098.0,670577060.7929822,255720.48297887994,0.7702,67292.56,59423.85,13969956868.56,2024,3
2024-03-12,72121.18,16249318406.90542,341867.0,556184503.3635911,227491.09622354998,4.4826,67827.35,59975.91,13554653259.07,2024,3
2024-03-13,71489.22,19749038369.964565,390118.0,631131351.3345715,271429.6116228299,-0.8762,68926.13,60455.63,13576120757.04,2024,3
2024-03-14,73094.37,16402381871.931147,329706.0,579720256.0482558,228371.35267339996,2.2453,69925.01,60961.18,13742899819.68,2024,3
2024-03-15,71394.36,14316113749.467398,307904.0,529980321.6844611,208531.83605353,-2.3258,70561.77,61362.46,13638110831.63,2024,3
2024-03-16,69495.88,4543880223.851563,355760.0,600922569.4689952,66585.70707163995,-2.6591,70731.63,61663.69,13615125276.11,2024,3
2024-03-17,65303.67,6585683552.700839,366109.0,609268716.2671757,97980.96351848997,-6.0323,70275.09,61793.69,13733485187.26,2024,3
2024-03-18,68358.87,11933590441.311108,416270.0,600922569.4689952,176248.88823467004,4.6785,70179.65,62020.08,12825715230.88,2024,3
2024-03-19,67601.19,13678549274.503231,463952.0,655172523.6571684,212804.20952647008,-1.1084,69533.94,62206.12,12458462497.68,2024,3
2024-03-20,61919.44,10724289256.435526,361515.0,621787936.4644464,167309.70994751994,-8.4048,68166.83,62532.48,11169212624.31,2024,3
2024-03-21,67857.18,11202686425.692236,327642.0,500768807.8908293,168301.24650388004,9.5895,67418.66,63068.32,10426398989.14,2024,3
2024-03-22,65493.16,12407695913.88318,339533.0,563364908.877183,192869.54399520002,-3.4838,66575.63,63509.1,10153767869.77,2024,3
2024-03-23,63795.46,5780151499.661647,326610.0,650999450.2580782,90044.87961919006,-2.5922,65761.28,63906.85,10330378052.03,2024,3
2024-03-24,64083.37,3446270505.158186,331527.0,709422477.8453414,52794.90862333999,0.4513,65586.95,64332.85,9881890473.81,2024,3
2024-03-25,67226.33,10813846448.792442,317064.0,550845688.6799122,156565.62454545003,4.9045,65425.16,64882.81,9721927046.3,2024,3
2024-03-26,69962.76,15441122467.654274,317742.0,559191835.4780927,219534.65223003007,4.0705,65762.53,65496.23,9973723216.75,2024,3
2024-03-27,69991.48,12835468637.174114,355902.0,567537982.2762733,184471.11592127,0.0411,66915.68,66105.02,10275320271.15,2024,3
2024-03-28,69446.79,13059294357.123844,428670.0,630675249.3060845,184553.004787,-0.7782,67142.76,66602.27,10540549975.64,2024,3
2024-03-29,70754.69,9052675458.634825,449421.0,595046224.9834774,129539.46755188,1.8833,67894.41,67058.26,10061261339.17,2024,3
2024-03-30,69909.85,4899663871.94741,490072.0,640501144.9474928,69950.65430110997,-1.194,68767.9,67305.29,9935477392.36,2024,3
2024-03-31,69650.74,4052049395.04271,319675.0,566120366.8245583,57491.13660003999,-0.3706,69563.23,67587.9,10022017233.77,2024,3
2024-04-01,71331.84,13085709742.52084,326410.0,619839817.691122,188439.82321630005,2.4136,70149.74,67884.39,10346569132.87,2024,4
2024-04-02,69701.3,12446948304.835768,357709.0,611575286.7885739,189440.09856887005,-2.2859,70112.38,68139.98,9918829966.75,2024,4
2024-04-03,65446.52,11542956859.303852,372978.0,586781694.0809289,174538.23667225,-6.1043,69463.1,68215.92,9734185427.06,2024,4
2024-04-04,65983.59,10660992756.195915,320607.0,570252632.2758324,158305.69453306997,0.8206,68968.36,68136.12,9391570912.64,2024,4
2024-04-05,68526.59,7927852982.371402,348637.0,611575286.7885739,117466.42494602996,3.854,68650.06,68293.75,9230881987.46,2024,4
2024-04-06,67857.42,5025793841.248038,433591.0,640501144.9474928,73898.52463006995,-0.9765,68356.86,68352.25,9248900554.5,2024,4
2024-04-07,68909.59,5011808062.969637,526130.0,702485126.7166051,72211.39735044,1.5506,68250.98,68418.0,9386008935.64,2024,4
2024-04-08,69373.69,11418584778.487938,455617.0,652897941.3013152,159660.84023662994,0.6735,67971.24,68453.56,9147848226.49,2024,4
2024-04-09,71645.91,10939569437.810043,453811.0,603310755.8860255,156080.23738275003,3.2753,68249.04,68558.45,8932508388.34,2024,4
2024-04-10,69141.75,8679207271.980724,531054.0,626404079.729565,125497.14840218003,-3.4952,68776.93,68562.27,8523401304.44,2024,4
2024-04-11,70561.73,8561053017.120058,476241.0,566860609.5352726,121485.19103152999,2.0537,69430.95,68510.29,8223409913.14,2024,4
2024-04-12,70035.8,9357183105.151403,448489.0,584038203.763614,135668.12457386008,-0.7453,69646.56,68461.84,8427599930.68,2024,4
2024-04-13,67198.84,6210051369.613112,507173.0,704281363.3620051,93486.00009197003,-4.0507,69552.47,68265.33,8596779577.59,2024,4
2024-04-14,64019.74,5003997183.111914,473328.0,674220573.4624075,77921.16964790001,-4.7309,68853.92,68019.51,8595663737.61,2024,4
2024-04-15,65734.62,11559341313.326015,503358.0,605510196.549041,177955.4124551201,2.6787,68334.06,67894.13,8615771814.02,2024,4
2024-04-16,63435.81,10682144920.883438,454669.0,708575761.9190906,169694.76789736992,-3.4971,67161.18,67831.87,8578996883.03,2024,4
2024-04-17,63820.92,8561709706.407869,385606.0,588332602.3206996,138224.07445785997,0.6071,66401.07,67680.6,8562211516.52,2024,4
2024-04-18,61280.51,12336705133.490808,418095.0,622687790.7773827,197438.3398408499,-3.9805,65075.18,67469.91,9101590390.28,2024,4
2024-04-19,63507.69,9479933431.70449,393190.0,648454182.1198951,148210.21958310998,3.6344,64142.59,67522.86,9119126151.22,2024,4
2024-04-20,63823.55,1849550188.3816292,631001.0,558271812.4211017,28692.25504232001,0.4974,63660.41,67388.4,8496197411.04,2024,4
2024-04-21,64991.71,2437952939.1959405,641668.0,601215797.9919556,37501.23544323999,1.8303,63799.26,67371.69,8129619661.91,2024,4
2024-04-22,64949.79,7335530723.912101,671771.0,652748580.6769805,110814.99445355995,-0.0645,63687.14,67410.16,7526218149.14,2024,4
2024-04-23,66844.74,7265789225.50074,927010.0,721458957.5903468,109283.30421253,2.9176,64174.13,67502.21,7038167335.51,2024,4
2024-04-24,66416.37,7652433880.532315,606713.0,671772263.1512126,116858.99729172997,-0.6408,64544.91,67475.21,6908270788.96,2024,4
2024-04-25,64271.73,6784884049.382103,526242.0,630674365.8262494,105622.11003924,-3.2291,64972.23,67285.51,6115153491.23,2024,4
2024-04-26,64486.29,7554163013.008273,442347.0,578118168.6740619,117603.00653272,0.3338,65112.03,67102.0,5840043431.42,2024,4
2024-04-27,63749.7,3253300158.0688977,452967.0,613155633.4421867,51479.23765236999,-1.1422,65101.48,66912.1,6040579141.37,2024,4
2024-04-28,63420.25,3545588645.6945586,487521.0,613155633.4421867,55530.584800609984,-0.5168,64876.98,66667.62,6198812813.73,2024,4
2024-04-29,63112.69,5796728920.506398,403064.0,573738485.5780463,92255.39639476995,-0.485,64614.54,66441.05,5978983984.67,2024,4
2024-04-30,63832.72,9309712608.562164,498085.0,617535316.5382024,151580.94244306,1.1409,64184.25,66247.11,6270973039.39,2024,4
2024-05-01,60603.04,8725783357.945253,478881.0,578118168.6740619,150070.34447579997,-5.0596,63353.77,65889.49,6424308679.02,2024,5
2024-05-02,58268.36,8551356016.181779,559839.0,635054048.9222649,145940.41214988,-3.8524,62496.15,65508.39,6676661817.14,2024,5
2024-05-03,59120.4,5447644455.234284,442742.0,564979119.3860149,88971.00540367002,1.4623,61729.59,65297.52,6375730594.6,2024,5
2024-05-04,62885.27,2535276294.7820964,660263.0,617535316.5382024,39903.429515070005,6.3681,61606.1,65194.24,6273155756.99,2024,5
2024-05-05,63901.84,1613446518.3047206,625998.0,608775950.3461711,25225.346225169986,1.6165,61674.9,65040.08,5997135453.07,2024,5
2024-05-06,64045.15,5491391681.421094,519817.0,534321337.7139056,86024.05117877001,0.2243,61808.11,64913.01,5953515847.49,2024,5
2024-05-07,63157.69,4764574677.705591,372643.0,534321337.7139056,74976.44961322998,-1.3857,61711.68,64721.28,5304210428.8,2024,5
2024-05-08,62323.38,4826242476.1033,450856.0,556219753.1939834,77206.75650880998,-1.321,61957.44,64486.27,4747133159.96,2024,5
2024-05-09,61182.24,4649344428.186168,517193.0,613867438.0566123,75226.89643753003,-1.831,62373.71,64137.48,4189702933.11,2024,5
2024-05-10,63066.69,4160729596.332065,713791.0,599332437.5790136,67281.62022628998,3.0801,62937.47,63934.98,4005857953.26,2024,5
2024-05-11,60794.09,1989012570.1560533,719306.0,657199017.7590562,32607.975506809995,-3.6035,62638.73,63609.39,3927820278.32,2024,5
2024-05-12,60805.78,1881158872.1569226,557164.0,545599184.5546882,30702.421067869996,0.0192,62196.43,63301.72,3966064900.29,2024,5
2024-05-13,61448.99,5759327016.077168,554780.0,607599091.8904481,91850.68010179004,1.0578,61825.55,63110.06,4004341376.67,2024,5
2024-05-14,62913.71,5418457538.779011,422043.0,562132493.1775575,87452.53668859003,2.3836,61790.7,63073.19,4097753213.97,2024,5
2024-05-15,61557.4,8003836077.364244,493012.0,582799128.9561441,125052.09720717,-2.1558,61681.27,62933.95,4551695157.01,2024,5
2024-05-16,66239.13,7101103820.324476,476659.0,586932456.1118613,107872.82276880997,7.6055,62403.68,63027.39,4901946498.74,2024,5
2024-05-17,65231.59,7835288947.482639,573492.0,640665709.1361867,117490.85903929999,-1.5211,62712.96,63074.42,5426883548.91,2024,5
2024-05-18,67060.24,2349266373.133145,401264.0,529065875.9318188,35026.48505577999,2.8033,63608.12,63267.07,5478348377.9,2024,5
2024-05-19,66926.54,3000326237.631906,644119.0,636532381.9804695,44827.78660555003,-0.1994,64482.51,63381.04,5638229430.11,2024,5
2024-05-20,66266.07,7022731812.543269,626995.0,644799036.2919042,103539.79260042004,-0.9869,65170.67,63462.45,5818715829.61,2024,5
2024-05-21,71442.94,11045188897.642183,545041.0,570399147.4889922,156420.2728083399,7.8122,66389.13,63677.49,6622534595.16,2024,5
2024-05-22,70139.6,8214273488.198978,583279.0,632399054.8247522,117403.78837382993,-1.8243,67615.16,63850.49,6652597082.42,2024,5
2024-05-23,69133.73,9092947802.681757,744761.0,706194547.0096976,133074.48306832014,-1.4341,68028.67,63926.79,6937146222.76,2024,5
2024-05-24,67942.23,8162826585.536556,736439.0,671140034.7624127,119760.48622594003,-1.7235,68415.91,63977.65,6983937313.91,2024,5
2024-05-25,68531.76,2016644986.3119543,835040.0,671140034.7624127,29227.23630118,0.8677,68626.12,64119.65,6936419972.94,2024,5
2024-05-26,69272.7,3376577962.077557,852655.0,704697036.5005332,48840.816678730014,1.0812,68961.29,64279.2,6990170219.28,2024,5
2024-05-27,68486.54,3759980652.3522434,551610.0,515938901.7236049,54274.666722719994,-1.1349,69278.5,64437.09,6524062910.69,2024,5
2024-05-28,69374.17,25126148317.408638,596790.0,562079779.1135205,367648.1795690099,1.2961,68982.96,64635.56,8535628542.08,2024,5
2024-05-29,68289.6,6388638321.04567,725428.0,574663654.7653158,94104.78755007997,-1.5634,68718.68,64808.12,8274823518.2,2024,5
2024-05-30,67573.91,8488992411.997545,510417.0,515938901.7236049,124264.76485387003,-1.048,68495.84,64932.83,8188544176.68,2024,5
2024-05-31,68352.44,9197804710.416952,701471.0,620804532.1552316,135708.75148354002,1.1521,68554.45,65191.14,8336398194.52,2024,5
2024-06-01,67484.93,2035171781.513369,740030.0,591442155.634376,30049.970678470003,-1.2692,68404.9,65498.36,8339044879.54,2024,6
2024-06-02,67719.29,1639206773.6388125,729202.0,587247530.4171109,24141.21555844,0.3473,68182.98,65784.99,8090848995.48,2024,6
2024-06-03,67752.27,10231630580.222765,769224.0,658556159.1106174,147789.85085388995,0.0487,68078.09,65947.22,9015370413.75,2024,6
2024-06-04,68803.11,8099405366.314405,627980.0,562079779.1135205,116066.38304545,1.551,67996.51,66110.6,6582978563.59,2024,6
2024-06-05,70553.24,9970731483.523262,562049.0,515938901.7236049,140166.29931454995,2.5437,68319.88,66327.53,7094706158.23,2024,6
2024-06-06,71083.68,7566456857.2989645,613472.0,554910858.050012,106445.65392700002,0.7518,68821.28,66591.73,6962915364.7,2024,6
2024-06-07,70764.24,9046106615.578749,263982.0,590944002.9609013,127860.86408677997,-0.4494,69165.82,66873.1,6941244208.3,2024,6
2024-06-08,69331.66,3010368337.856259,509927.0,715791327.5301057,43350.725917400014,-2.0244,69429.64,67144.74,7080558002.06,2024,6
2024-06-09,69297.93,1356745169.9412165,767920.0,636721355.302943,19528.93241763,-0.0487,69655.16,67352.45,7040206344.39,2024,6
2024-06-10,69645.28,7071634843.4280405,658037.0,578459270.5039809,101440.64751798002,0.5012,69925.59,67647.49,6588778381.99,2024,6
2024-06-11,69513.23,8300820379.970086,463737.0,511874030.7337383,123471.59422520999,-0.1896,70027.04,67937.74,6617551955.37,2024,6
2024-06-12,67332.0,7993241570.379265,690560.0,607590312.9034619,116167.33296763,-3.1379,69566.86,68133.84,6335053396.35,2024,6
2024-06-13,68239.79,5447481273.682415,731254.0,603428735.4178218,81101.72364118,1.3482,69160.59,68311.37,6032342598.69,2024,6
2024-06-14,66757.59,7752072910.629316,604349.0,532681918.1619392,116742.07703110001,-2.172,68588.21,68484.71,5847480640.84,2024,6
2024-06-15,65993.49,2182888818.589143,452945.0,557651383.07578,32981.41922362999,-1.1446,68111.33,68476.53,5729269280.95,2024,6
2024-06-16,66188.17,1577243596.909229,461748.0,678337130.1593444,23723.23690125999,0.295,67667.08,68508.41,5760769056.23,2024,6
2024-06-17,66636.85,6504943989.828709,441215.0,582620847.9896209,98535.54132168996,0.6779,67237.3,68494.3,5679813220.0,2024,6
2024-06-18,66480.82,8142461537.978515,617202.0,632559777.8173028,125080.45618688999,-0.2341,66804.1,68479.44,5657190528.29,2024,6
2024-06-19,65148.41,4194286630.621904,634554.0,570136115.5327007,64194.353125600006,-2.0042,66492.16,68442.19,5114482679.75,2024,6
2024-06-20,64960.21,6897447731.90798,532756.0,553323137.1046984,105586.56031047003,-0.2889,66023.65,68226.1,5321620745.21,2024,6
2024-06-21,64830.29,5839766773.132086,592843.0,582332779.002438,91007.03481661003,-0.2,65748.32,68049.12,5048434154.14,2024,6
2024-06-22,64095.5,5441303997.531913,681420.0,632247017.2026471,84459.62185571,-1.1334,65477.18,67881.18,5513922036.84,2024,6
2024-06-23,64251.26,1479938986.0844269,492352.0,465866223.2019504,23037.189690709998,0.243,65200.48,67758.15,5500021378.16,2024,6
2024-06-24,63167.3,9211986161.082127,528326.0,632247017.2026471,151096.84188699012,-1.6871,64704.83,67579.33,5886741688.33,2024,6
2024-06-25,60279.54,7946145283.243041,536347.0,515780461.4021594,129254.63905997999,-4.5716,63818.93,67279.56,5858696509.09,2024,6
2024-06-26,61795.24,6539916736.601309,490817.0,503301901.8521072,106389.71980544,2.5145,63339.91,67056.51,6193786524.23,2024,6
2024-06-27,60808.17,10565765822.368536,414624.0,540737580.5022639,171791.33736983,-1.5973,62746.76,66770.98,6717831965.72,2024,6
2024-06-28,61616.04,8362849210.30259,593984.0,561535179.7523509,136819.99680840998,1.3286,62287.58,66548.53,7078272313.89,2024,6
2024-06-29,60315.67,2587218662.591855,712249.0,653044616.4527341,42405.77290476002,-2.1104,61747.6,66306.59,6670545837.47,2024,6
2024-06-30,60871.03,,505127.0,503301901.8521072,,0.9208,61264.71,66057.21,7535646979.36,2024,6
2024-07-01,62676.36,7238212215.877723,611062.0,586492298.8524554,114319.63961915998,2.9658,61194.58,65896.92,7206684655.16,2024,7
2024-07-02,62845.12,5251483422.359735,592285.0,615608937.8025774,84017.61918933998,0.2693,61561.09,65734.45,6757574345.02,2024,7
2024-07-03,62028.38,5633224518.403391,545044.0,603130378.2525251,93038.26155550001,-1.2996,61594.4,65543.65,6606458975.32,2024,7
2024-07-04,60145.84,8872506195.657322,538097.0,582332779.002438,151611.54281763,-3.035,61499.78,65255.08,6324249037.53,2024,7
2024-07-05,57034.05,17072634339.062922,490537.0,481691507.2021622,304202.89921388,-5.1737,60845.21,64804.44,7775879892.33,2024,7
2024-07-06,56648.56,3146711262.5946255,658042.0,652035052.9717106,54983.69851056998,-0.6759,60321.33,64323.27,7869128658.99,2024,7
2024-07-07,58265.25,2278555072.733085,673752.0,557193590.72128,39652.49628178,2.8539,59949.08,63906.63,7070475289.53,2024,7
2024-07-08,55848.73,10703012141.302937,593010.0,628324687.409103,189101.97643026992,-4.1474,58973.7,63457.2,7565446707.44,2024,7
2024-07-09,56706.26,7917211325.057808,654037.0,608566049.4402633,137520.80033226,1.5355,58096.72,63037.48,7946264979.26,2024,7
2024-07-10,58011.47,8254401496.318952,631745.0,537434952.7524403,141763.65667850996,2.3017,57522.88,62649.69,8320718833.25,2024,7
2024-07-11,57743.11,7191349803.164905,642066.0,553241863.127512,123598.58561874997,-0.4626,57179.63,62257.35,8080553634.32,2024,7
2024-07-12,57351.64,7362339048.252724,658355.0,592759139.0651915,127484.77047477002,-0.678,57225.0,61924.67,6693368592.78,2024,7
2024-07-13,57907.93,2761173151.654501,735686.0,608566049.4402633,47037.43967714998,0.97,57404.91,61580.28,6638291719.78,2024,7
2024-07-14,59231.12,1663806010.8954782,586548.0,659938508.1592464,27645.447154709997,2.285,57542.89,61329.39,6550470425.24,2024,7
2024-07-15,60798.16,8843917880.771624,552901.0,604614321.8464954,140103.29626199006,2.6456,58249.96,61156.22,6284885530.87,2024,7
2024-07-16,64859.79,12446978850.299572,529056.0,580903956.2838876,194696.66869718986,6.6805,59414.75,61111.94,6931995177.34,2024,7
2024-07-17,65077.23,7739487792.722873,615870.0,628324687.409103,118975.64447465005,0.3352,60424.14,61059.95,6858436076.82,2024,7
2024-07-18,64104.91,6732472480.378525,445574.0,515102118.23597115,104787.41392117,-1.4941,61332.97,60980.75,6792882173.57,2024,7
2024-07-19,63968.61,8528315185.2865925,507940.0,599556361.5235602,129829.41498889004,-0.2126,62278.25,60941.43,6959450193.14,2024,7
2024-07-20,66712.66,3598982164.152902,680335.0,672971426.1999145,53855.52802164999,4.2897,63536.07,60999.84,7079137194.93,2024,7
2024-07-21,67164.74,2500846849.1716294,859629.0,689285885.0168821,37138.39250192998,0.6777,64669.44,61077.66,7198714457.54,2024,7
2024-07-22,68155.67,9717578991.658886,824999.0,730072032.0593011,144065.95838611014,1.4754,65720.52,61212.99,7323523187.67,2024,7
2024-07-23,67597.26,14515028690.791712,838977.0,689285885.0168821,217971.39836976,-0.8193,66111.58,61324.53,7618958879.17,2024,7
2024-07-24,65920.76,8943563782.017931,596458.0,571006058.5938667,135064.88490068,-2.4801,66232.09,61416.31,7790969734.78,2024,7
2024-07-25,65357.71,7867610940.380128,719711.0,664814196.7914306,121616.44331942,-0.8541,66411.06,61585.58,7953132371.92,2024,7
2024-07-26,65790.91,7332170770.1329155,459067.0,652578352.6787051,108616.14930718999,0.6628,66671.39,61718.77,7782254598.33,2024,7
2024-07-27,67914.86,4232975746.9635262,445730.0,628106664.4532535,61706.37857815997,3.2283,66843.13,61955.66,7872825110.16,2024,7
2024-07-28,67826.14,2767696675.7889442,753703.0,603634976.227802,40724.42687263,-0.1306,66937.62,62162.66,7910946513.96,2024,7
2024-07-29,68257.42,9902659739.016802,826129.0,725993417.3550591,144819.71872774992,0.6359,66952.15,62427.39,7937386620.73,2024,7
2024-07-30,66777.36,15119384835.083057,683096.0,611792205.6362859,227636.17139027998,-2.1684,66835.02,62624.27,8023723212.77,2024,7
2024-07-31,66180.0,9602772099.094246,562819.0,613215974.0238556,145199.13403895,-0.8946,66872.06,62741.06,8117895829.49,2024,7
2024-08-01,64621.73,8155277551.651909,544430.0,630987879.9602102,127427.52058829003,-2.3546,66766.92,62800.28,8158991059.68,2024,8
2024-08-02,65297.77,9809266028.523855,410113.0,563382035.6787592,153427.09497822993,1.0461,66696.47,62909.26,8512861810.87,2024,8
2024-08-03,61410.11,2308110370.827175,504062.0,608452598.53306,37638.74455165002,-5.9537,65767.22,62951.4,8237881042.86,2024,8
2024-08-04,60676.68,3460899185.172749,524595.0,644509048.8165007,57907.07418295,-1.1943,64745.87,63072.82,8336909972.77,2024,8
2024-08-05,58116.46,13237735958.448278,548857.0,703100780.5270916,247871.87057516,-4.2194,63297.16,63121.75,8813349432.69,2024,8
2024-08-06,53978.78,6808433062.101782,485173.0,630987879.9602102,121638.16845454,-7.1196,61468.79,62978.87,7626070607.97,2024,8
2024-08-07,56082.71,7893851552.6037655,380097.0,549860866.8224689,139727.41691012002,3.8977,60026.32,62986.67,7381939101.33,2024,8
2024-08-08,55033.47,6532994035.445488,487399.0,581410260.8204794,111748.67895708999,-1.8709,58656.57,62930.91,7150184313.3,2024,8
2024-08-09,61698.9,7901052207.058065,396419.0,585917317.1059096,130271.8652193,12.1116,58142.44,63053.82,6877582338.81,2024,8
2024-08-10,60879.41,3834508484.859348,548777.0,581410260.8204794,63053.215320670024,-1.3282,58066.63,63158.36,7095639212.24,2024,8
2024-08-11,60943.19,1565215178.617859,644814.0,725636061.954242,25870.19868151002,0.1048,58104.7,63278.08,6824827211.3,2024,8
2024-08-12,58717.0,6152997429.581423,450024.0,617466711.1039201,103647.66281320002,-3.6529,58190.49,63305.05,5812721707.18,2024,8
2024-08-13,59350.07,7149997426.564984,579618.0,671551386.529081,119561.70868224994,1.0782,58957.82,63309.02,5861516616.39,2024,8
2024-08-14,60600.35,6988791297.667786,504701.0,594742777.8026003,116536.52553099999,2.1066,59603.2,63302.42,5732222294.26,2024,8
2024-08-15,58727.43,5391558140.144841,660924.0,690944705.8016886,91852.23819428998,-3.0906,60130.91,63098.01,5569160023.5,2024,8
2024-08-16,57523.47,4199825226.3043375,575811.0,613213426.3989986,71618.09237166,-2.0501,59534.42,62846.22,5040413311.96,2024,8
2024-08-17,58886.74,1860988054.6251378,702540.0,643442257.2778225,31318.33453520001,2.3699,59249.75,62672.28,4758481821.93,2024,8
2024-08-18,59483.03,1842005986.3217332,769702.0,673671088.1566465,30790.729698829986,1.0126,59041.16,62522.76,4798023365.89,2024,8
2024-08-19,58445.98,6312008781.440564,553394.0,561392573.463872,107451.05363584004,-1.7434,59002.44,62247.2,4820739273.3,2024,8
2024-08-20,59475.91,5274305723.816394,717337.0,647760661.689083,87530.17861288,1.7622,59020.42,61990.91,4552783315.76,2024,8
2024-08-21,59024.54,5478969193.046639,687685.0,634805448.4553014,91072.09046344999,-0.7589,58795.3,61686.54,4337094443.67,2024,8
2024-08-22,61170.43,5779831062.841158,795102.0,690944705.8016886,95129.96813056001,3.6356,59144.3,61472.31,4392562004.06,2024,8
2024-08-23,60382.01,7779554833.467165,799839.0,708218323.4467307,124891.36607640996,-1.2889,59552.66,61287.69,4903951947.94,2024,8
2024-08-24,64082.05,8091891894.064949,794380.0,660715874.9228647,125969.05800595,6.1277,60294.85,61245.16,5794081067.86,2024,8
2024-08-25,64174.59,1702032825.6541271,705838.0,574347786.6976537,26507.088787310004,0.1444,60965.07,61191.29,5774084902.05,2024,8
2024-08-26,64327.86,6102368262.378635,600722.0,578666191.1089141,95750.53435267998,0.2388,61805.34,61071.72,5744136256.47,2024,8
2024-08-27,62857.78,9613387187.807987,673811.0,613213426.3989986,154117.60695177995,-2.2853,62288.47,60906.11,6364005037.04,2024,8
2024-08-28,59466.82,6632252546.814547,733530.0,703794017.3679069,111591.61713578997,-5.3947,62351.65,60613.09,6528759801.86,2024,8
2024-08-29,59024.11,6395977330.5875435,524362.0,587091196.5963086,106823.88374549005,-0.7445,62045.03,60354.65,6616780697.25,2024,8
2024-08-30,59389.34,7346359988.724018,542101.0,631567802.399059,124015.86162797,0.6188,61903.22,60128.29,6554895719.43,2024,8
2024-08-31,59108.23,2193027465.921187,701952.0,653806105.3004345,37009.96510003,-0.4733,61192.68,59944.51,5712200801.13,2024,8
2024-09-01,58968.91,2648012585.459729,651871.0,631567802.399059,45419.569376299994,-0.2357,60449.01,59733.55,5847340766.81,2024,9
2024-09-02,57322.52,3100686678.1579823,754904.0,742759316.9059358,53217.32950300001,-2.792,59448.24,59597.29,5418529111.92,2024,9
2024-09-03,59113.65,6012689752.026111,582751.0,662701426.4609846,102791.04179081002,3.1247,58913.37,59545.19,4904143763.96,2024,9
2024-09-04,57430.23,5799794944.180726,722736.0,671596747.6215348,100866.63237075003,-2.8478,58622.43,59522.32,4785221249.29,2024,9
2024-09-05,57966.79,6158660147.1760235,721251.0,689387389.9426349,108435.03330001002,0.9343,58471.38,59655.25,4751318794.52,2024,9
2024-09-06,56165.32,7064283321.400344,667267.0,644910784.1398844,128338.17553971,-3.1078,58010.81,59658.0,4711022127.76,2024,9
2024-09-07,53951.72,1519336722.3506465,781426.0,702730371.68346,27936.507460710014,-3.9412,57274.16,59621.95,4614780592.96,2024,9
2024-09-08,54158.39,1783924507.5377305,910083.0,742759316.9059358,32699.56661522002,0.3831,56586.95,59370.6,4491339438.98,2024,9
2024-09-09,54857.17,6363322710.944949,572398.0,644910784.1398844,113769.05726147005,1.2903,56234.75,59169.85,4957430300.8,2024,9
2024-09-10,57055.68,5660821108.553659,568630.0,609329499.4976839,99026.38919286002,4.0077,55940.76,59040.27,4907163351.73,2024,9
2024-09-11,57636.19,4996530777.753266,411402.0,495458846.64224994,87641.14376736,1.0174,55970.18,59004.24,4792411327.96,2024,9
2024-09-12,57345.38,5069102731.029143,563521.0,700222814.5578787,87205.55491853999,-0.5046,55881.41,58937.42,4636760268.51,2024,9
2024-09-13,58136.5,7391259643.194124,419047.0,566627672.3067043,125818.40799308999,1.3796,56163.0,58855.29,4683471171.62,2024,9
2024-09-14,60565.91,2251848613.999916,638989.0,640335336.9970075,37399.876966460004,4.1788,57107.89,58916.58,4788115727.57,2024,9
2024-09-15,60004.02,1557392812.0248942,712474.0,695616085.5147347,25880.475816640002,-0.9277,57942.98,58999.26,4755754056.79,2024,9
2024-09-16,59136.83,5636920631.973337,504540.0,575841130.3929921,96520.54034588,-1.4452,58554.36,59007.6,4651982331.22,2024,9
2024-09-17,58194.98,5979868415.488911,539113.0,691009356.4715909,99869.52096982999,-1.5927,58717.12,58964.66,4697560517.92,2024,9
2024-09-18,60304.22,7033415665.476531,541476.0,635728607.9538636,116956.66657793999,3.6244,59098.26,59026.6,4988544073.31,2024,9
2024-09-19,61683.91,8246322622.468619,455707.0,562020943.2635604,130952.17337925002,2.2879,59718.05,59100.2,5442432629.23,2024,9
2024-09-20,62938.2,11383528905.333433,526390.0,667975711.255871,180175.20529262995,2.0334,60404.01,59230.66,6012756809.54,2024,9
2024-09-21,63213.19,1936753345.683346,557444.0,621908420.8244318,30656.640245090002,0.4369,60782.19,59298.75,5967743199.78,2024,9
2024-09-22,63377.01,1568648134.041071,628230.0,626515149.8675756,24880.70142222,0.2592,61264.05,59398.58,5969351102.92,2024,9
2024-09-23,63626.42,7000723222.757288,580102.0,672582440.299015,110088.38807601,0.3935,61905.42,59383.4,6164180044.46,2024,9
2024-09-24,63330.79,8567453178.705362,532220.0,667975711.255871,134612.21562556992,-0.4646,62639.11,59355.27,6533835010.64,2024,9
2024-09-25,64279.04,8162704768.430984,503460.0,657005311.2676694,127725.05528282,1.4973,63206.94,59353.64,6695162025.35,2024,9
2024-09-26,63138.8,7108680538.140987,474766.0,571298868.1801282,110060.8320676101,-1.7739,63414.78,59363.01,6532641727.58,2024,9
2024-09-27,65179.96,8554437526.620602,451723.0,602061114.928289,129847.57789366004,3.2328,63735.03,59553.45,6128485816.34,2024,9
2024-09-28,65781.65,2366097260.4524183,507707.0,566904261.5018196,35900.16545925001,0.9231,64101.95,59778.7,6189820661.31,2024,9
2024-09-29,65888.5,1655558348.2101824,687427.0,681164035.1378452,25131.778907449985,0.1624,64460.74,59995.34,6202236406.19,2024,9
2024-09-30,65620.59,10834329687.749815,594224.0,602061114.928289,169322.46498286998,-0.4066,64745.62,60212.42,6749894472.62,2024,9
2024-10-01,63323.53,8154719864.648614,632894.0,689953248.4944626,129622.1577305,-3.5005,64744.58,60357.57,6690932570.61,2024,10
2024-10-02,60838.74,7829105602.861956,590981.0,681164035.1378452,127777.37995928002,-3.924,64253.11,60474.78,6643275546.95,2024,10
2024-10-03,60639.47,7480735068.698743,582777.0,694347855.1727712,122979.59329388001,-0.3275,63896.06,60525.64,6696426194.18,2024,10
2024-10-04,60754.15,5461339204.431516,561425.0,742688528.6341666,88469.23921600003,0.1891,63263.8,60636.43,6254555005.29,2024,10
2024-10-05,62079.73,2730371658.884799,757575.0,663585608.4246106,43915.17277343,2.1819,62734.96,60773.53,6306594205.07,2024,10
2024-10-06,62065.06,3005253704.35666,742158.0,667980215.1029191,48047.37937448001,-0.0236,62188.75,60970.19,6499407827.38,2024,10
2024-10-07,62814.93,7813362740.240367,717700.0,681164035.1378452,123097.53907834002,1.2082,61787.94,61265.63,6067841120.59,2024,10
2024-10-08,62238.11,10877241078.803791,719458.0,733899315.2775493,173729.68242095003,-0.9183,61632.88,61534.96,6456772722.61,2024,10
2024-10-09,62124.37,6720634380.632039,536887.0,574966972.3426994,108383.69672177001,-0.1827,61816.55,61777.2,6298419690.86,2024,10
2024-10-10,60574.02,7011381420.420207,746211.0,709250575.4670075,116176.15505136001,-2.4956,61807.2,61894.47,6231369169.68,2024,10
2024-10-11,60269.24,6860121248.392112,633252.0,640613423.0024583,111018.28266180007,-0.5032,61737.92,61982.24,6431195175.96,2024,10
2024-10-12,62457.07,1843902651.0940166,736321.0,654340853.4953684,29272.90234836,3.6301,61791.83,62152.63,6304556746.28,2024,10
2024-10-13,63189.26,1597337887.2848842,648739.0,631461802.673852,25422.76122754,1.1723,61952.43,62321.06,6103425915.27,2024,10
2024-10-14,62842.66,6678664097.609112,611683.0,636037612.8381552,102369.68402635,-0.5485,61956.39,62396.95,5941326109.18,2024,10
2024-10-15,66048.56,11549587821.736782,646891.0,713826385.6313109,174274.85384708998,5.1015,62500.74,62598.43,6037375643.88,2024,10
2024-10-16,67049.57,11139283532.797909,708342.0,645189233.1667618,164873.90791851003,1.5156,63204.34,62862.19,6668611237.05,2024,10
2024-10-17,67599.32,8730955014.1011,653027.0,718402195.7956142,129791.96978448002,0.8199,64207.95,63175.67,6914264607.57,2024,10
2024-10-18,67401.64,10874397499.760347,474279.0,622310182.3452455,159244.63113749996,-0.2924,65226.87,63412.25,7487732643.48,2024,10
2024-10-19,68426.2,3014354207.8432803,735561.0,791615158.4244666,44174.79132151999,1.5201,66079.6,63636.99,7654940008.73,2024,10
2024-10-20,68365.74,4380035792.252007,778073.0,791615158.4244666,64133.53518051994,-0.0884,66819.1,63817.91,8052468280.87,2024,10
2024-10-21,69012.04,8678261147.398464,835011.0,782463538.0958601,127291.99250479,0.9454,67700.44,64011.21,8338125002.27,2024,10
2024-10-22,67363.26,9459984977.844603,700174.0,638125714.2515116,140593.13105384,-2.3891,67888.25,64144.08,8039610310.29,2024,10
2024-10-23,67368.2,6752263402.2640505,665187.0,718143298.2753785,101654.67214966998,0.0073,67933.77,64268.81,7412893148.78,2024,10
2024-10-24,66655.68,8861423494.225447,681834.0,699119634.7449049,131301.16612396,-1.0577,67798.97,64379.64,7431531503.08,2024,10
2024-10-25,68162.43,8170259000.293865,524014.0,727655130.0406153,120888.83320406002,2.2605,67907.65,64509.08,7045226003.16,2024,10
2024-10-26,66639.48,2589025948.7554045,597744.0,694363718.8622864,38645.691377150004,-2.2343,67652.4,64625.77,6984464823.29,2024,10
2024-10-27,67018.78,1623405982.1370733,700814.0,765702457.1015625,24081.494901989998,0.5692,67459.98,64687.07,6590660564.7,2024,10
2024-10-28,67938.81,10966185038.036318,702824.0,798993868.2798914,159339.86870489002,1.3728,67306.66,64758.97,6917506834.79,2024,10
2024-10-29,69913.46,14125800889.231539,614981.0,746678793.571089,196561.35638438005,2.9065,67670.98,64893.14,7584051964.99,2024,10
2024-10-30,72706.28,13795094906.86094,682099.0,803749784.1625097,190942.85409407018,3.9947,68433.56,65129.33,8590170751.36,2024,10
2024-10-31,72329.87,13376076760.901299,562237.0,751434709.4537071,188111.32695616002,-0.5177,69244.16,65429.54,9235121218.03,2024,10
2024-11-01,70219.02,12445252914.96622,547888.0,727655130.0406153,178141.29276521003,-2.9184,69537.96,65742.21,9845834634.41,2024,11
2024-11-02,69490.73,2325736060.7382245,544612.0,670584139.4491944,33429.77773244001,-1.0372,69945.28,66037.26,9808221793.27,2024,11
2024-11-03,69301.81,2585993578.693979,455402.0,627780896.505629,37705.95299594001,-0.2719,70271.43,66322.18,9945734307.06,2024,11
2024-11-04,68744.21,10004272909.175388,456826.0,720519107.2542773,146565.45920291002,-0.8046,70386.48,66544.33,9808318288.65,2024,11
2024-11-05,67809.49,11232629934.277601,465286.0,702351988.6923242,161912.10173908004,-1.3597,70085.92,66735.81,9395008152.23,2024,11
2024-11-06,69382.83,16624459226.55678,501641.0,773092476.7620546,223393.72935641994,2.3202,69611.14,66954.74,9799203055.04,2024,11
2024-11-07,75642.59,14663670061.258778,553047.0,788251152.776997,194340.50401439003,9.0221,70084.38,67401.55,9983144955.1,2024,11
2024-11-08,75926.31,16280514071.904945,497146.0,717510664.7072663,213674.12136318992,0.3751,70899.71,67861.62,10531039406.09,2024,11
2024-11-09,76559.38,4379578541.9617,577368.0,702351988.6923242,57310.86594470996,0.8338,71909.52,68394.46,10824445474.83,2024,11
2024-11-10,76728.8,8805260115.054148,558278.0,747828016.7371509,110690.88195181,0.2213,72970.52,68943.12,11712912122.88,2024,11
2024-11-11,80477.81,15659527002.602785,462458.0,687193312.6773819,185906.28231293007,4.8861,74646.74,69543.81,12520805564.8,2024,11
2024-11-12,88719.74,26270558367.128586,503677.0,737722232.7271894,299110.99797799013,10.2412,77633.92,70394.82,14669081055.21,2024,11
2024-11-13,87972.98,21257021379.190033,570979.0,697299096.6873435,236875.80991124996,-0.8417,80289.66,71232.5,15330875648.44,2024,11
2024-11-14,90537.78,24187597707.2619,503566.0,641717284.6325549,270090.24879934,2.9154,82417.54,72048.81,16691436740.73,2024,11
2024-11-15,87292.03,19113942083.20821,562223.0,757933800.7471123,213545.51076663993,-3.585,84041.22,72723.56,17096212170.92,2024,11
2024-11-16,91063.24,5256303046.01382,602655.0,793304044.7819778,57747.46642459999,4.3202,86113.2,73505.69,17221458528.64,2024,11
2024-11-17,90562.03,3315738679.512714,598496.0,757933800.7471123,36667.43270355999,-0.5504,88089.37,74277.7,16437241180.7,2024,11
2024-11-18,89829.32,,673308.0,789177471.4803329,,-0.8091,89425.3,74991.14,16566860210.39,2024,11
2024-11-19,90540.98,17907534161.0051,810805.0,889845955.1158988,193868.81523410988,0.7922,89685.48,75730.31,15173022842.7,2024,11
2024-11-20,92369.46,19928511810.876366,664866.0,747470602.2973549,212773.16144751993,2.0195,90313.55,76508.89,14951604581.31,2024,11
2024-11-21,94354.43,24042155708.5233,498512.0,732216100.2096539,247507.81219866002,2.1489,90858.78,77408.6,14927364248.19,2024,11
2024-11-22,98501.47,18925420304.096355,540305.0,727131266.1804202,191975.14145345998,4.3952,92460.13,78446.37,14895943951.67,2024,11
2024-11-23,99011.58,11273319452.938,444699.0,701707096.0342517,115004.59423768,0.5179,93595.61,79524.9,15898780019.49,2024,11
2024-11-24,97776.94,8444664449.542644,463289.0,681367759.9173166,87102.56804205995,-1.247,94626.31,80512.05,16753600981.16,2024,11
2024-11-25,98042.92,19031989883.548634,604870.0,859336950.9404964,198415.30159005994,0.272,95799.68,81558.84,17079085110.08,2024,11
2024-11-26,93003.21,21331421147.908745,475689.0,706791930.0634853,229069.1265728399,-5.1403,96151.43,82424.98,17568211822.49,2024,11
2024-11-27,91968.35,12555140763.385523,462119.0,676282925.8880831,133068.16330105002,-1.1127,96094.13,83225.97,16514873101.42,2024,11
2024-11-28,95956.99,9708469422.03239,523480.0,722046432.1511863,101672.42717471997,4.337,96323.07,84094.09,14467203631.92,2024,11
2024-11-29,95651.51,12049106760.35298,341781.0,615264917.5372787,123952.37275469,-0.3184,95915.93,84858.93,13484873125.67,2024,11
2024-11-30,97503.54,4308785753.686624,640943.0,833912780.7943279,44529.427137139995,1.9362,95700.49,85698.05,12489939740.07,2024,11
2024-12-01,96450.08,4169328992.6346917,698223.0,803403776.6189257,42943.048817920004,-1.0804,95510.94,86572.42,11879177531.94,2024,12
2024-12-02,97273.62,16936998791.826956,311811.0,649582756.2207783,175571.61223843996,0.8539,95401.04,87498.51,11579893090.26,2024,12
2024-12-03,95857.16,13405989744.175869,439519.0,811042070.6273791,140399.19157464997,-1.4562,95808.75,88383.69,10447688604.01,2024,12
2024-12-04,95941.45,13935666799.866549,502912.0,759383340.0141702,144309.16401188995,0.0879,96376.34,89290.27,10644906609.23,2024,12
2024-12-05,98768.81,22269535612.85755,512490.0,800710324.5047373,220681.90157122992,2.947,96778.02,90322.24,12439344636.49,2024,12
2024-12-06,97079.54,17888033885.907677,414643.0,702558736.3396405,179984.69814465998,-1.7103,96982.03,91245.47,13273477082.99,2024,12
2024-12-07,99888.14,5418124415.8528185,456101.0,733553974.7075658,54293.523291100006,2.8931,97322.69,92053.65,13431954034.73,2024,12
2024-12-08,99914.34,3771799971.244733,420320.0,754217466.9528493,37751.26231706002,0.0262,97817.58,92853.25,13375164174.53,2024,12
2024-12-09,101179.58,16893586741.251682,403264.0,862700801.2405878,171836.79277973,1.2663,98375.57,93673.93,13368962453.02,2024,12
2024-12-10,97465.55,12979843425.395798,441944.0,795544451.4434165,134106.56796057997,-3.6707,98605.34,94365.15,13308084407.48,2024,12
2024-12-11,96653.46,21037350757.179394,481168.0,733553974.7075658,211882.75240957004,-0.8332,98707.06,94904.34,14322610687.1,2024,12
2024-12-12,101191.95,17239165427.918285,474978.0,764549213.0754911,171060.9984024699,4.6956,99053.22,95320.08,13603986374.96,2024,12
2024-12-13,100040.86,17652553064.867294,523585.0,878198420.4245505,175472.56712800002,-1.1375,99476.27,95722.34,13570346257.67,2024,12
2024-12-14,101467.53,5353586265.646702,517482.0,821373816.7500207,52757.22398996994,1.4261,99701.9,96086.67,13561126521.93,2024,12
2024-12-15,101404.33,6822123118.7715025,378527.0,707724609.4009614,66749.25756767998,-0.0623,99914.75,96557.08,13996886971.58,2024,12
2024-12-16,104342.21,19489912898.92708,412747.0,796354777.917631,185055.06768817003,2.8972,100366.56,96999.71,14367790708.39,2024,12
2024-12-17,106059.49,16038288677.469349,419707.0,733677850.1420219,150308.18660493003,1.6458,101594.26,97516.29,14804711458.68,2024,12
2024-12-18,106156.01,16000954252.851433,414366.0,776835370.7386113,154047.10225663,0.091,102951.77,98060.52,14085226243.78,2024,12
2024-12-19,100157.34,19125758841.63413,437574.0,782230060.8131851,190867.64811826995,-5.6508,102803.97,98381.06,14354739588.6,2024,12
2024-12-20,97470.38,16133797899.628603,398670.0,814598201.2606272,167496.86974851994,-2.6827,102436.76,98551.09,14137774564.99,2024,12
2024-12-21,97768.78,6882358327.448823,330225.0,782230060.8131851,70497.24641687998,0.3061,101908.36,98664.9,14356170573.82,2024,12
2024-12-22,97226.54,3340023325.9010005,336217.0,836176961.5589218,34677.85720712002,-0.5546,101311.54,98622.41,13858727746.27,2024,12
2024-12-23,95094.78,12473533243.122515,292681.0,749861920.3657429,132317.31250849998,-2.1926,99990.47,98491.85,12856387795.44,2024,12
2024-12-24,94715.72,11564062010.09304,326570.0,712099089.8437271,120444.23734777998,-0.3986,98369.94,98389.81,12217212557.24,2024,12
2024-12-25,98613.53,5466163116.674572,405831.0,814598201.2606272,55509.37289147999,4.1153,97292.44,98408.83,10712242394.93,2024,12
2024-12-26,99300.12,8493106621.658707,298916.0,706704399.7691535,87840.66624349002,0.6962,97169.98,98618.72,9193292077.79,2024,12
2024-12-27,95685.77,9580652001.738985,348241.0,852361031.782643,100345.80647402004,-3.6398,96915.03,98742.64,8257128378.09,2024,12
2024-12-28,94152.68,2677566056.8358884,298580.0,771440680.6640378,28238.99430931,-1.6022,96398.45,98682.49,7656443768.0,2024,12
2024-12-29,95144.81,5228175703.420922,419112.0,853049703.3260739,55111.059615990016,1.0537,96101.06,98665.6,7926179821.93,2024,12
2024-12-30,93536.42,13470587113.382612,374721.0,867710155.9849901,144241.55066789998,-1.6905,95878.44,98533.37,8068616089.11,2024,12
2024-12-31,92652.68,13251695752.866476,312513.0,703991258.6293316,140906.14902825002,-0.9448,95583.72,98406.79,8309706623.8,2024,12
2025-01-01,93406.74,6553323746.3020735,292213.0,764021520.9930731,69500.11447318998,0.8139,94839.89,98277.89,8465015285.17,2025,1
2025-01-02,94409.13,6110103532.896917,402440.0,911368528.6131656,63231.46349058999,1.0731,94141.18,98229.62,8124586272.49,2025,1
2025-01-03,96853.63,8269717281.335514,409341.0,774936114.1501169,84885.99752657005,2.5893,94308.01,98260.03,7937309883.86,2025,1
2025-01-04,98122.01,2758643852.77057,432302.0,813137190.1997707,28130.11184958001,1.3096,94875.06,98238.47,7948892426.14,2025,1
2025-01-05,98242.07,2386538450.1449366,433954.0,851338266.2494245,24335.086925150004,0.1224,95317.53,98277.22,7542944247.1,2025,1
2025-01-06,98319.2,10720151138.280603,366260.0,725820444.9434196,106495.75123878001,0.0785,96000.78,98224.92,7150024822.09,2025,1
2025-01-07,102253.31,12571059044.880728,352121.0,731277741.5219413,126294.78293384997,4.0014,97372.3,98302.89,7052791006.66,2025,1
2025-01-08,96916.58,12232111996.713434,399976.0,682162072.3152436,128250.19282253005,-5.2191,97873.7,98160.79,7864046471.0,2025,1
2025-01-09,95049.45,7267610310.966393,534013.0,829509079.9353366,77833.58494077004,-1.9265,97965.18,98080.25,8029404582.16,2025,1
2025-01-10,92493.26,8226023524.658946,408769.0,774936114.1501169,87131.83742224998,-2.6893,97342.27,97941.58,8023162616.92,2025,1
2025-01-11,94702.66,2717776436.9154506,361190.0,753106927.8360293,28764.193670009998,2.3887,96853.79,97725.27,8017324414.65,2025,1
2025-01-12,94569.61,2524860229.613659,380525.0,939753829.6056751,26664.567607340006,-0.1405,96329.15,97542.89,8037084668.86,2025,1
2025-01-13,94478.37,7428143322.801004,408248.0,702796044.3776932,80158.99862936002,-0.0965,95780.46,97309.92,7566797838.08,2025,1
2025-01-14,94497.68,8476643246.566211,352684.0,845551490.8919123,88188.49503643998,0.0204,94672.52,97079.7,6981881295.46,2025,1
2025-01-15,96527.14,9736046043.950031,354014.0,763192579.4414012,98941.88888539998,2.1476,94616.88,96819.2,6625300445.07,2025,1
2025-01-16,100511.85,15219278220.789003,375439.0,702796044.3776932,153217.81199789004,4.1281,95397.22,96634.28,7761253003.61,2025,1
2025-01-17,99976.92,13726669241.249104,425661.0,823589114.5051093,132859.47945338005,-0.5322,96466.32,96428.31,8547059534.55,2025,1
2025-01-18,104103.44,5389522873.899006,360666.0,713777232.5710948,51936.69142879001,4.1275,97809.29,96559.84,8928737596.98,2025,1
2025-01-19,104408.89,5860881893.009443,388509.0,823589114.5051093,55932.91269371999,0.2934,99214.9,96791.13,9405312120.32,2025,1
2025-01-20,101217.01,11266460830.38323,350291.0,834570302.6985108,106972.58201597999,-3.0571,100177.56,96906.07,9953643192.84,2025,1
2025-01-21,102042.06,14016792182.76418,324412.0,730249014.861197,134238.11406183997,0.8151,101255.33,97066.58,10745093040.86,2025,1
2025-01-22,106158.27,13577736341.160229,432369.0,823589114.5051093,129662.72371885997,4.0338,102631.21,97435.37,11293905940.46,2025,1
2025-01-23,103637.06,14634364649.359365,326010.0,746720797.1512991,141436.53009041998,-2.375,103077.66,97732.75,11210346858.83,2025,1
2025-01-24,103950.37,12098187853.612225,369243.0,768683173.5381019,114871.34298565003,0.3023,103645.3,97910.64,10977706660.6,2025,1
2025-01-25,104855.0,3694805800.669982,338988.0,702796044.3776932,35292.11157809998,0.8703,103752.67,98095.8,10735604221.57,2025,1
2025-01-26,104722.36,2783482751.6197257,309651.0,752211391.2479999,26554.361236610006,-0.1265,103797.45,98397.02,10295975772.8,2025,1
2025-01-27,102592.63,11955786516.95331,332102.0,841602268.6110247,118809.71044149002,-2.0337,103993.96,98678.35,10394450870.88,2025,1
2025-01-28,102102.01,8034825800.008887,305953.0,795344639.2008113,78391.47163347997,-0.4782,104002.53,98910.26,9539884244.77,2025,1
2025-01-29,101322.82,6092345911.116566,355332.0,832962291.0549035,59350.151669570005,-0.7631,103311.75,99169.81,8470542754.76,2025,1
2025-01-30,103704.56,7400448916.434272,335134.0,779222788.4062003,70272.61548499,2.3506,103321.39,99538.2,7437126221.49,2025,1
2025-01-31,104743.97,11201672996.579489,328684.0,671743783.1087936,107662.39116890999,1.0023,103434.76,99916.11,7309052670.48,2025,1
2025-02-01,102406.47,3013247738.519718,357439.0,988806848.7361435,29527.581573279997,-2.2316,103084.97,100182.69,7211687233.03,2025,2
2025-02-02,100627.27,4767314353.494646,383258.0,918945495.2928294,48215.335278709994,-1.7374,102499.96,100308.48,7495091747.59,2025,2
2025-02-03,97675.85,18010195932.401714,360484.0,822214390.5251629,186400.16558643,-2.933,101797.56,100293.6,8360007378.37,2025,2
2025-02-04,101414.76,9972825687.013731,308619.0,703987484.6980155,100532.07230748002,3.8279,101699.39,100399.36,8636864505.08,2025,2
2025-02-05,97877.42,14433738129.338787,381126.0,773848838.1413299,147955.35080542002,-3.488,101207.19,100384.64,9828491964.83,2025,2
2025-02-06,96607.66,10021883321.596104,428326.0,779222788.4062003,102650.47080264003,-1.2973,100193.34,100196.45,10202982594.13,2025,2
2025-02-07,96564.45,8703519501.878572,498394.0,929693395.8225701,89172.21714083006,-0.0447,99024.84,100184.71,9846103523.46,2025,2
2025-02-08,96540.7,3464009779.7232847,469138.0,859832042.3792553,35942.54090600001,-0.0246,98186.87,100234.42,9910498100.78,2025,2
2025-02-09,96486.54,2892524949.0753446,385420.0,795293751.4100475,29974.543669210005,-0.0561,97595.34,100367.53,9642671043.0,2025,2
2025-02-10,96487.05,7432617992.956971,359522.0,788864727.616627,76290.67611698002,0.0005,97425.51,100427.01,8131588480.23,2025,2
2025-02-11,97461.49,9477085951.576164,337513.0,703735440.4637535,97600.95342099003,1.0099,96860.76,100523.4,8060768518.02,2025,2
2025-02-12,95752.0,6046944646.337515,386539.0,754813012.7554775,62655.49379470998,-1.754,96557.13,100565.86,6862655163.31,2025,2
2025-02-13,97877.16,6654782592.28042,379906.0,896695158.0102665,69032.15195446005,2.2194,96738.48,100678.51,6381640773.4,2025,2
2025-02-14,96628.78,8436991720.132586,346002.0,862643443.1491172,86725.46112947,-1.2755,96747.67,100681.89,6343565376.01,2025,2
2025-02-15,97494.79,2834188516.6755214,306930.0,908045729.6306497,29032.60973731,0.8962,96883.97,100581.33,6253590909.86,2025,2
2025-02-16,97593.62,2372547536.0734653,300091.0,856968157.3389257,24402.583193430004,0.1014,97042.13,100501.88,6179308422.29,2025,2
2025-02-17,96176.21,5508831135.639191,333466.0,777514155.996244,57290.1267365,-1.4524,96997.72,100237.64,5904481728.39,2025,2
2025-02-18,95771.14,7844099152.227246,422709.0,794540013.4268184,82237.13871467,-0.4212,96756.24,99949.72,5671197899.91,2025,2
2025-02-19,95544.0,7977877909.42433,448569.0,715086012.0841366,82980.93683152998,-0.2372,96726.53,99760.62,5947045508.92,2025,2
2025-02-20,96642.79,7693600250.556907,480465.0,737787155.324903,78788.78645537999,1.15,96550.19,99580.64,6095448031.53,2025,2
2025-02-21,98331.0,11713054420.955343,459909.0,732111869.5147113,120337.62695873997,1.7469,96793.36,99319.73,6563456988.79,2025,2
2025-02-22,96111.11,9079926698.565578,551849.0,788864727.616627,94008.54732257004,-2.2576,96595.7,99068.87,7455705300.49,2025,2
2025-02-23,96580.65,4160757626.3135962,572814.0,728533880.978175,43251.49196287003,0.4885,96450.99,98823.21,7711163884.81,2025,2
2025-02-24,96274.79,7539058256.821985,514086.0,714530229.8374169,79422.85700886999,-0.3167,96465.07,98537.2,8001196330.69,2025,2
2025-02-25,91538.39,19880185672.637268,497063.0,807968798.3546175,222637.64122251005,-4.9197,95860.39,98097.74,9720637262.18,2025,2
2025-02-26,88664.31,16676247403.02854,403575.0,862932662.1882651,192045.32885593013,-3.1398,94877.58,97633.46,10963261475.55,2025,2
2025-02-27,84115.7,13035391292.900713,325162.0,824457957.5047117,152607.98866666004,-5.1301,93087.99,97033.92,11726374481.6,2025,2
2025-02-28,84645.86,14082883082.188152,386183.0,857436275.8049003,171436.11742844008,0.6303,91132.97,96478.02,12064921433.21,2025,2
2025-03-01,84379.79,4440543779.655316,290895.0,791479639.2045234,52037.89321971,-0.3143,89457.07,95833.86,11402152444.79,2025,3
2025-03-02,86025.07,6026981353.715553,264912.0,692544684.3039575,67177.18769729,1.9499,87949.13,95209.89,11668755834.42,2025,3
2025-03-03,94255.51,13059040343.29221,374224.0,824457957.5047117,143352.60005146998,9.5675,87660.66,94938.2,12457324703.92,2025,3
2025-03-04,86081.79,9413786977.94864,304773.0,802472411.9712528,111070.46155181003,-8.6719,86881.15,94453.35,10962124890.39,2025,3
2025-03-05,87226.39,7517911103.3842125,309176.0,736515775.3708757,84220.38030397,1.3297,86675.73,94105.03,9653791133.3,2025,3
2025-03-06,90608.57,8439668480.765515,370349.0,934385685.1720064,93284.98482437005,3.8775,87603.28,93744.82,8997259302.99,2025,3
2025-03-07,89920.13,10112854701.343702,313588.0,780486866.4377937,114220.73194329,-0.7598,88356.75,93479.58,8430112391.44,2025,3
2025-03-08,86745.52,2510243357.318507,292451.0,753004934.5209701,29031.678702599995,-3.5305,88694.71,93150.84,8154355188.25,2025,3
2025-03-09,86163.24,3291100083.832311,300380.0,878012411.8108668,39045.533845570004,-0.6713,88714.45,92804.14,7763515006.84,2025,3
2025-03-10,80669.31,11665904508.07828,446224.0,858547242.188255,144400.08652692992,-6.3762,86773.56,92275.09,7564495601.81,2025,3
2025-03-11,78557.72,10558772838.912882,376740.0,769347528.7141508,130005.96731969998,-2.6176,85698.7,91677.46,7728065010.52,2025,3
2025-03-12,82859.32,11244575402.619507,428828.0,852972260.0961236,135925.93955871006,5.4757,85074.83,91223.2,8260445624.7,2025,3
2025-03-13,83703.69,11652599979.206436,532638.0,886422152.6489124,142428.90777238001,1.019,84088.42,90764.61,8719435838.76,2025,3
2025-03-14,81075.63,7688923936.964859,439189.0,791647457.0826768,92008.35565569001,-3.1397,82824.92,90275.4,8373160015.28,2025,3
2025-03-15,83982.58,2025237248.2558634,473428.0,735897636.1613616,23978.16686672999,3.5855,82430.21,89812.25,8303873428.27,2025,3
2025-03-16,84339.61,2461022384.446573,471115.0,808372403.3590714,29348.700421619997,0.4251,82169.69,89402.61,8185290899.78,2025,3
2025-03-17,82581.85,6958311355.184736,380493.0,780497492.8984137,83102.56626458002,-2.0841,82442.91,88905.51,7512777592.23,2025,3
2025-03-18,84040.57,5673415289.209962,369237.0,791647457.0826768,68729.98117605002,1.7664,83226.18,88453.74,6814869370.84,2025,3
2025-03-19,82718.44,7323070307.706748,441661.0,847397278.0039921,86903.53325355005,-1.5732,83206.05,88005.15,6254654357.28,2025,3
2025-03-20,86867.58,9374758746.042683,337973.0,791647457.0826768,110127.39608486001,5.016,83658.04,87708.36,5929248466.83,2025,3
2025-03-21,84174.28,7154070651.931662,321230.0,808372403.3590714,85016.78462810001,-3.1005,84100.7,87329.37,5852840854.68,2025,3
2025-03-22,84042.1,2286075876.446249,413839.0,836247313.819729,27116.647154449984,-0.157,84109.2,86909.35,5890103515.85,2025,3
2025-03-23,83813.07,1789474661.2639942,533755.0,876571559.8921037,21097.48936169,-0.2725,84033.98,86425.42,5794168126.83,2025,3
2025-03-24,86057.08,7684100097.406544,483673.0,870857131.0489082,87528.77860998,2.6774,84530.45,86090.28,5897852232.86,2025,3
2025-03-25,87509.31,10116621776.142765,505859.0,842582548.8719956,115472.36756484998,1.6875,85025.98,85787.91,6532596016.71,2025,3
2025-03-26,87475.15,9664047436.944172,515068.0,859547298.1781431,110488.65373830004,-0.039,85705.51,85494.59,6867021320.88,2025,3
2025-03-27,86907.02,7526149332.700574,437476.0,836927632.4366131,86292.76765013002,-0.6495,85711.14,85340.21,6602934261.83,2025,3
2025-03-28,87187.77,12048485791.401278,397685.0,870857131.0489082,142103.70328828003,0.323,86141.64,85290.99,7302136424.62,2025,3
2025-03-29,84362.88,5091286087.469017,290139.0,797343217.3889353,61285.05275871001,-3.24,86187.47,85299.23,7702880740.48,2025,3
2025-03-30,82612.14,3254782225.1719213,305206.0,774723551.6474054,39183.02879473002,-2.0752,86015.91,85231.44,7912210392.46,2025,3
2025-03-31,82338.19,9821678609.988209,318279.0,836927632.4366131,118648.48172068,-0.3316,85484.64,85163.38,8217578751.4,2025,3
2025-04-01,82531.15,6557955353.679704,356323.0,763413718.7766403,78013.51235774004,0.2344,84773.47,85046.92,7709197833.91,2025,4
2025-04-02,85185.53,9548511632.805397,399055.0,972645626.8857933,112009.95716686996,3.2162,84446.38,84744.59,7692692719.03,2025,4
2025-04-03,82487.27,11835707286.54347,392043.0,859547298.1781431,143504.08764729,-3.1675,83814.99,84624.77,8308343855.29,2025,4
2025-04-04,83102.81,8780468949.850952,429861.0,1017884958.3688537,105283.60618314,0.7462,83231.42,84487.32,7841484306.5,2025,4
2025-04-05,83842.01,3868108851.8407145,293474.0,948981343.907835,46352.17869173996,0.8895,83157.01,84261.76,7666744701.41,2025,4
2025-04-06,83500.22,4346039061.740272,279475.0,875826848.0097468,53332.86334240999,-0.4077,83283.88,84047.77,7822638535.21,2025,4
2025-04-07,78372.2,12325031990.720432,309387.0,875826848.0097468,158863.89966685997,-6.1413,82717.31,83768.66,8180260446.74,2025,4
2025-04-08,79188.56,7889160738.948145,363972.0,924148329.2792498,100588.80438255999,1.0416,82239.8,83536.17,8370432644.64,2025,4
2025-04-09,76266.57,10619510422.057436,317312.0,791264255.7881161,135481.63881491008,-3.6899,80965.66,83389.41,8523432471.67,2025,4
2025-04-10,82575.64,8272452338.091592,322464.0,869786662.851059,102488.82163317993,8.2724,80978.29,83523.34,8014396050.46,2025,4
2025-04-11,79587.79,10441636973.743479,405030.0,893947403.4858105,127119.53323151996,-3.6183,80476.14,83414.29,8251705768.16,2025,4
2025-04-12,83423.93,3199768362.3695993,409511.0,869786662.851059,38106.676940640005,4.82,80416.42,83404.96,8156228555.38,2025,4
2025-04-13,85283.27,2872917277.051721,455139.0,1038911847.2943201,33995.10576231998,2.2288,80671.14,83545.22,7945782586.14,2025,4
2025-04-14,83709.73,7327920945.142364,441688.0,899987588.6444983,86608.47028514999,-1.8451,81433.64,83536.12,7231909579.63,2025,4
2025-04-15,84553.18,6411287873.065953,442899.0,869786662.851059,75298.55063174,1.0076,82200.02,83543.24,7020784884.5,2025,4
2025-04-16,83631.52,9044954451.20895,507129.0,893947403.4858105,107631.91921450994,-1.09,83252.15,83578.23,6795848317.24,2025,4
2025-04-17,84033.59,7817372046.315234,557181.0,924148329.2792498,92492.66265581003,0.4808,83460.43,83578.0,6730836846.99,2025,4
2025-04-18,84915.2,3870953753.6277747,508733.0,821465181.5815556,45800.01598304999,1.0491,84221.49,83651.22,5792167815.54,2025,4
2025-04-19,84466.72,2510500478.902752,545076.0,847396221.1293446,29529.806979609988,-0.5282,84370.46,83571.2,5693700975.04,2025,4
2025-04-20,85090.63,2232630980.687477,468737.0,753499802.4397362,26391.050374669976,0.7386,84342.94,83601.74,5602231504.14,2025,4
2025-04-21,85172.64,7961048503.294534,444986.0,771877846.401681,91165.52638834999,0.0964,84551.93,83639.43,5692678298.16,2025,4
2025-04-22,87522.75,12491830345.924187,518267.0,949532271.367147,138441.57702595004,2.7592,84976.15,83763.08,6561327222.85,2025,4
2025-04-23,93472.65,16200026210.79612,418203.0,698365670.5539016,173420.71752954007,6.7981,86382.03,84010.27,7583480331.36,2025,4
2025-04-24,93708.71,14035201954.66458,464739.0,863768066.2114046,151125.65750576003,0.2525,87764.19,84216.91,8471741746.84,2025,4
2025-04-25,93970.77,17332578422.84961,392451.0,882146110.1733494,183767.1791326,0.2797,89057.84,84433.43,10394830985.3,2025,4
2025-04-26,94724.46,4555887933.739448,321357.0,814759948.9795519,48216.16766000005,0.802,90523.23,84694.02,10687029193.14,2025,4
2025-04-27,94660.46,3888393605.9005857,441827.0,827011978.2875152,41289.21837519001,-0.0676,91890.35,84943.11,10923566711.02,2025,4
2025-04-28,93782.18,11534611913.428812,409765.0,863768066.2114046,122046.10573630998,-0.9278,93120.28,85257.08,11434075769.61,2025,4
2025-04-29,94998.2,12682042160.758211,467725.0,894398139.4813126,133474.34418701,1.2966,94188.2,85669.95,11461248886.02,2025,4
2025-04-30,94274.98,8415953464.653325,350729.0,808633934.3255703,89057.05934212,-0.7613,94302.82,86067.84,10349238493.71,2025,4
2025-05-01,94206.41,8742561243.010767,331199.0,827011978.2875152,90824.40218982003,-0.0727,94373.92,86457.02,9593146963.48,2025,5
2025-05-02,96507.26,10365219305.55276,379268.0,974036329.9830736,106821.64463806996,2.4423,94736.28,86834.41,8597809946.72,2025,5
2025-05-03,96927.01,5780366401.056679,389717.0,999957994.4593519,59969.20906341999,0.4349,95050.93,87315.74,8772735442.05,2025,5
2025-05-04,95895.74,2688789794.2843966,347977.0,823060870.7158544,28053.644427800013,-1.064,95227.4,87742.17,8601363468.96,2025,5
2025-05-05,94312.45,12316169616.315157,402262.0,1036227714.9300332,130146.23414077002,-1.6511,95303.15,88091.18,8713014569.38,2025,5
2025-05-06,94727.8,9692283136.625355,332218.0,817139569.4876828,102557.5080475,0.4404,95264.52,88465.43,8285906137.36,2025,5
2025-05-07,96818.39,8870488913.741823,343011.0,894116485.453914,91490.64214063004,2.2069,95627.87,89080.31,8350839772.94,2025,5
2025-05-08,97042.54,10352926922.70228,373813.0,941486895.2792871,103307.53555798001,0.2315,96033.03,89675.44,8580892012.9,2025,5
2025-05-09,103223.26,12000952154.164745,334543.0,828982171.944026,116396.44153447,6.3691,96992.46,90574.0,8814568134.13,2025,5
2025-05-10,102982.07,3641552067.7514997,331074.0,888195184.2257423,35242.66703230001,-0.2337,97857.46,91254.21,8509023229.37,2025,5
2025-05-11,104766.27,4002446571.2172523,281756.0,882273882.9975705,38432.42978971003,1.7325,99124.68,92093.49,8696688483.22,2025,5
2025-05-12,104130.99,10610173476.098167,378285.0,858588678.0848842,102668.92895399002,-0.6064,100527.33,92783.73,8452974748.9,2025,5
2025-05-13,102827.18,12139989800.498348,295785.0,769769159.6623099,117434.18160838005,-1.2521,101684.39,93368.52,8802647129.45,2025,5
2025-05-14,104154.71,9186120404.981548,326818.0,852667376.8567126,88696.92004122003,1.291,102732.43,94050.02,8847737342.49,2025,5
2025-05-15,103552.22,13310349561.179665,374153.0,864509979.3130558,129656.21626656999,-0.5785,103662.39,94683.33,9270226290.84,2025,5
2025-05-16,103757.39,9260377548.058199,363786.0,805296967.0313396,89186.00243570998,0.1981,103738.69,95354.19,8878715632.83,2025,5
2025-05-17,103499.95,3011615665.251809,291797.0,853317480.0820746,29190.690666320002,-0.2481,103812.67,96003.07,8788724718.18,2025,5
2025-05-18,103158.51,4277222751.359123,629314.0,979723251.2998109,41005.48002846998,-0.3299,103582.99,96611.18,8827978458.2,2025,5
2025-05-19,106424.76,11066325015.853483,585883.0,852722089.09428,106163.51368036,3.1662,103910.67,97343.11,8893142963.88,2025,5
2025-05-20,105622.1,10861017407.833975,569769.0,895055809.829457,102905.86509608006,-0.7542,104309.95,98027.49,8710432622.07,2025,5
2025-05-21,106805.83,14775186534.55395,422191.0,870865112.2664988,137434.4802378599,1.1207,104688.68,98748.6,9508870640.58,2025,5
2025-05-22,109668.26,16043204929.738068,467803.0,907151158.610936,144581.37073659,2.68,105562.4,99486.78,9899278550.38,2025,5
2025-05-23,111722.19,15409133940.94576,444625.0,937389530.5646338,140731.32592997001,1.8729,106700.23,100095.1,10777672320.79,2025,5
2025-05-24,107303.71,5446155680.062743,395420.0,852722089.09428,50400.30068179004,-3.9549,107243.62,100548.27,11125463751.48,2025,5
2025-05-25,107809.79,3288796413.1677313,356355.0,913198833.0016756,30626.227641850022,0.4716,107908.09,101009.57,10984259988.88,2025,5
2025-05-26,109029.24,9216183401.120417,358290.0,925294181.7831548,84128.51042997002,1.1311,108280.16,101486.4,10719954043.92,2025,5
2025-05-27,109481.32,12251387161.35873,422984.0,852722089.09428,111846.29107617999,0.4146,108831.48,101980.42,10918578294.42,2025,5
2025-05-28,108987.67,10535083488.500374,541153.0,991818600.0812899,97512.01377163998,-0.4509,109143.17,102487.27,10312849287.84,2025,5
2025-05-29,107808.38,10341416369.58704,382859.0,961580228.1275918,96521.58557127997,-1.082,108877.47,102914.28,9498308064.96,2025,5
2025-05-30,105588.16,12038234757.004648,396232.0,937389530.5646338,114441.21372795003,-2.0594,108001.18,103291.39,9016751038.69,2025,5
2025-05-31,104027.67,3219514300.9733295,299392.0,1016284104.8877773,30945.15155582999,-1.4779,107533.18,103618.76,8698659413.1,2025,5
2025-06-01,104655.37,2705917037.3142548,256072.0,839539043.1681639,25869.364524469987,0.6034,107082.54,103890.36,8615390930.84,2025,6
2025-06-02,105701.48,12666100367.852962,346488.0,839539043.1681639,121168.60405169001,0.9996,106607.15,104182.85,9108236211.8,2025,6
2025-06-03,105906.96,11439289120.522953,358895.0,908974603.1294405,108173.84356052999,0.1944,106096.53,104516.55,8992222205.97,2025,6
2025-06-04,105434.47,13646987293.23523,337037.0,795352777.73826,129747.23458681996,-0.4461,105588.93,104887.29,9436779892.36,2025,6
2025-06-05,104743.97,10550534159.238892,320509.0,845851366.801007,101433.06239314997,-0.6549,105151.15,105221.16,9466653862.31,2025,6
2025-06-06,101565.91,11455561872.615784,298643.0,845851366.801007,110105.53710343003,-3.0341,104576.55,105379.41,9383414878.82,2025,6
2025-06-07,104381.86,3677820071.5810657,290718.0,902662279.4965969,34959.3610701,2.7725,104627.15,105624.06,9448887131.77,2025,6
2025-06-08,105633.02,2364440624.399593,307505.0,965785515.8250304,22339.99318026999,1.1986,104766.81,105704.38,9400104787.06,2025,6
2025-06-09,105770.98,9265964068.03982,361275.0,883725308.5980667,86366.37215465997,0.1306,104776.74,105797.34,8914371029.95,2025,6
2025-06-10,110300.41,11196025800.767021,428797.0,1066782693.9505239,102384.31414151996,4.2823,105404.37,105981.82,8879619127.13,2025,6
2025-06-11,110279.28,8722630197.219322,347263.0,890037632.2309102,79723.63088702,-0.0192,106096.49,106186.76,8176139541.98,2025,6
2025-06-12,108688.52,6376367919.772322,425413.0,934223897.6608136,59372.28524100001,-1.4425,106660.0,106382.14,7579830079.2,2025,6
2025-06-13,105755.21,11515533272.179176,351499.0,915286926.7622839,109734.80249821,-2.6988,107258.47,106435.49,7588397421.99,2025,6
2025-06-14,106121.85,3885367331.7677402,273850.0,949216466.5546213,36913.97637145998,0.3467,107507.04,106521.14,7618047030.59,2025,6
2025-06-15,105466.67,3155873881.1872916,281934.0,854616743.0404905,29904.244394870002,-0.6174,107483.27,106578.12,7731108924.42,2025,6
2025-06-16,105558.7,11917602155.905172,361092.0,917456209.4405266,110903.41578948,0.0873,107452.95,106646.74,8109914365.54,2025,6
2025-06-17,106798.31,9427005107.909824,354536.0,741505703.5204258,89300.30433091996,1.1743,106952.65,106768.07,7857197123.71,2025,6
2025-06-18,104606.29,10252024346.377224,441317.0,879752529.6005048,97816.66290998002,-2.0525,106142.22,106707.45,8075682002.16,2025,6
2025-06-19,104910.93,5255470077.15392,308332.0,798061223.2804582,50180.796544899975,0.2912,105602.57,106683.75,7915553738.93,2025,6
2025-06-20,104680.34,8671147096.782238,353459.0,948875942.6405447,82718.80186894008,-0.2198,105449.01,106612.9,7509212856.73,2025,6
2025-06-21,103302.68,3272164417.8679485,309613.0,886036476.2405084,31671.316896909997,-1.3161,105046.27,106400.71,7421612440.45,2025,6
2025-06-22,102141.77,5215828659.9633255,265421.0,672382290.480386,51551.22926863001,-1.1238,104571.29,106081.36,7715891694.57,2025,6
2025-06-23,100997.71,9641640710.702705,290678.0,672382290.480386,94315.33838534002,-1.1201,103919.72,105871.16,7390754345.25,2025,6
2025-06-24,105380.3,,279124.0,735221756.880422,,4.3393,103717.15,105790.18,7051379218.14,2025,6
2025-06-25,106118.74,11874525132.589663,387919.0,898604369.5205159,110868.81998349006,0.7007,103933.21,105693.16,7321796015.84,2025,6
2025-06-26,107386.04,11793948204.87055,504341.0,986579622.4805663,109765.92653349006,1.1942,104286.8,105623.32,8411542370.46,2025,6
2025-06-27,106978.63,12887703108.271957,335434.0,722653863.6004148,120452.60071014005,-0.3794,104615.12,105556.35,9114301705.71,2025,6
2025-06-28,107110.33,3336314161.1267157,388943.0,911172262.800523,31097.101838999995,0.1231,105159.07,105533.09,9124993329.59,2025,6
2025-06-29,107334.13,3488152854.034,380608.0,995260121.1336331,32369.086432320008,0.2089,105900.84,105591.28,8837047361.93,2025,6
2025-06-30,108385.58,14136311601.559845,339268.0,843035679.3574839,131251.21123828003,0.9796,106956.25,105736.55,9586159177.08,2025,6
2025-07-01,107130.31,7525873041.10213,325613.0,779081248.5096745,70550.44312819999,-1.1582,107206.25,105819.05,9291832586.22,2025,7
2025-07-02,105705.84,9829934492.062973,366147.0,889547992.701345,90890.25868424994,-1.3297,107147.27,105819.19,8999748209.0,2025,7
2025-07-03,108846.62,11161785740.783573,361041.0,877919914.3653797,101833.99424330005,2.9712,107355.92,105917.18,8909439285.56,2025,7
2025-07-04,109636.88,16598074235.295662,366873.0,924432227.709241,152744.80064731,0.726,107735.67,106057.26,9439492303.71,2025,7
2025-07-05,108026.4,2818051738.286806,427456.0,912804149.3732755,26028.64680467,-1.4689,107866.54,106166.67,9365454814.73,2025,7
2025-07-06,108243.13,2856385887.529106,506401.0,930246266.8772235,26310.55156176001,0.2006,107996.39,106389.25,9275202390.95,2025,7
2025-07-07,109223.78,9758779721.625797,360355.0,877919914.3653797,89825.06076734999,0.906,108116.14,106550.65,8649840693.81,2025,7
2025-07-08,108300.56,8193896030.848373,354753.0,825593561.8535358,75428.62155889996,-0.8453,108283.32,106639.56,8745272549.49,2025,7
2025-07-09,108936.26,7732968413.466436,444726.0,953502423.549154,70623.50409940998,0.587,108744.8,106745.07,8445705966.83,2025,7
2025-07-10,111305.27,11593476507.743673,446575.0,994200697.7250328,102788.05926639997,2.1747,109096.04,106778.57,8507376076.4,2025,7
2025-07-11,115993.81,17966579616.717262,408758.0,872105875.197397,152867.33067027005,4.2123,110004.17,106969.05,8702876845.17,2025,7
2025-07-12,117562.14,7065294773.538602,395744.0,918141001.6128464,60198.228343990006,1.3521,111366.42,107264.84,9309625850.21,2025,7
2025-07-13,117446.02,4554222640.881363,399761.0,859946006.057642,38533.33827368001,-0.0988,112681.12,107654.53,9552173957.83,2025,7
2025-07-14,119095.39,28379995376.52119,457360.0,910161831.228891,235052.15147627998,1.4044,114091.35,108086.99,12212347622.82,2025,7
2025-07-15,119870.73,25653677929.517857,418737.0,1029424416.010608,218433.78152373995,0.651,115744.23,108567.12,14706602179.77,2025,7
2025-07-16,117762.36,15318731737.294672,399196.0,822284137.1792051,129006.55663460998,-1.7589,117005.1,108973.91,15790282654.6,2025,7
2025-07-17,118748.5,29735820375.44461,433844.0,853669027.9112357,249684.8179448299,0.8374,118068.42,109372.25,18382046064.27,2025,7
2025-07-18,119276.85,17065964092.484245,452162.0,903884853.0824848,143981.53900570006,0.4449,118537.43,109861.27,18253386703.67,2025,7
2025-07-19,118019.66,6034792021.890069,426040.0,891330896.7896729,51071.80148342003,-1.054,118602.79,110298.23,18106172024.86,2025,7
2025-07-20,117923.05,3737438458.7072406,414919.0,935269743.8145157,31634.88834212999,-0.0819,118670.93,110739.65,17989488570.27,2025,7
2025-07-21,117316.3,14562334193.0149,384438.0,941546721.960922,123365.99475521003,-0.5145,118416.78,111206.77,16015536972.62,2025,7
2025-07-22,117446.79,14170292447.359936,421750.0,941546721.960922,119415.30583445997,0.1112,118070.5,111716.94,14375053332.31,2025,7
2025-07-23,120001.46,10879734897.830894,366826.0,878776940.4968604,91786.09833831996,2.1752,118390.37,112350.4,13740910926.68,2025,7
2025-07-24,118780.28,11261125234.19587,409736.0,922715787.5217032,94803.49679939005,-1.0176,118394.91,112797.06,11101668763.64,2025,7
2025-07-25,118353.17,22820893392.68719,427905.0,1004316503.4249833,196219.13770785005,-0.3596,118262.96,113204.88,11923801520.81,2025,7
2025-07-26,117648.33,4964932334.15206,573275.0,970032969.1338755,42116.46886455999,-0.5955,118209.91,113546.95,11770964422.56,2025,7
2025-07-27,117947.26,3373298830.617135,472894.0,869131963.3112651,28416.73025099999,0.2541,118213.37,113912.57,11718944475.69,2025,7
2025-07-28,119461.83,12934438036.770037,502252.0,919884194.7454995,108951.31174241003,1.2841,118519.87,114324.29,11486387881.94,2025,7
2025-07-29,118037.15,13288768254.758938,350960.0,710531240.0792824,112265.56310749997,-1.1926,118604.21,114681.06,11360455854.43,2025,7
2025-07-30,117925.55,10499712187.637215,423333.0,869131963.3112651,89008.85931056004,-0.0945,118307.65,114999.06,11306166895.83,2025,7
2025-07-31,117828.87,9759826295.827438,485215.0,976980455.1090133,82549.62795366005,-0.082,118171.74,115355.67,11091695618.92,2025,7
2025-08-01,115754.1,15497763392.271341,400385.0,957948368.3211753,134519.93544117003,-1.7608,117800.44,115690.62,10045534190.29,2025,8
2025-08-02,113262.81,3157274637.0232015,309743.0,919884194.7454995,27803.199737760006,-2.1522,117173.94,115837.82,9787297376.42,2025,8
2025-08-03,112521.7,3752362442.6492014,283479.0,983324484.0382924,32914.54984487,-0.6543,116398.86,115933.98,9841449320.99,2025,8
2025-08-04,114226.86,11845762258.67677,443301.0,1084828946.9067616,103087.65813593003,1.5154,115651.01,116140.67,9685924209.83,2025,8
2025-08-05,115068.27,9313301817.800478,411399.0,875475992.2405444,81680.79516031001,0.7366,115226.88,116368.17,9118000433.13,2025,8
2025-08-06,114138.05,7655906247.251752,496208.0,913540165.8162203,66722.2516912,-0.8084,114685.81,116531.98,8711742441.64,2025,8
2025-08-07,115024.46,8976136352.994701,565200.0,1021388657.6139685,77354.85449797001,0.7766,114285.18,116756.11,8599786735.52,2025,8
2025-08-08,117510.56,10640830372.69743,474798.0,870485436.2761792,91075.95250244002,2.1614,114536.1,117041.92,7905939161.3,2025,8
2025-08-09,116676.54,3986623481.7432323,376121.0,746374213.3917352,34105.43972980998,-0.7097,115023.78,117220.96,8024417567.69,2025,8
2025-08-10,116485.38,4258627456.3488636,400467.0,868625162.1369333,35979.78627426999,-0.1638,115590.02,117237.35,8096741141.07,2025,8
2025-08-11,119295.42,11718980185.323074,449633.0,945836287.6602162,97226.39482139001,2.4124,116314.1,117295.12,8078629416.31,2025,8
2025-08-12,118715.93,11498642440.824318,367063.0,881493683.0574806,96386.80035009008,-0.4858,116835.19,117337.45,8390820933.88,2025,8
2025-08-13,120169.3,12888456394.703356,441094.0,1003744631.8026783,106840.32752639997,1.2242,117696.8,117373.25,9138328097.8,2025,8
2025-08-14,123359.45,14413520594.360933,484085.0,1042350194.56432,119746.26580944001,2.6547,118887.51,117489.54,9915097275.14,2025,8
2025-08-15,118387.9,14017254389.700182,430405.0,862190901.6766596,118544.57523323996,-4.0301,119012.85,117510.39,10397443563.29,2025,8
2025-08-16,117419.5,5504971480.001399,401706.0,978007589.9615842,46730.55083187998,-0.818,119118.98,117466.09,10614350420.18,2025,8
2025-08-17,117484.12,4633178834.210024,440879.0,978007589.9615842,39196.02422799999,0.055,119261.66,117406.34,10667857759.87,2025,8
2025-08-18,117455.5,10854550547.181856,478104.0,990876110.8821313,93541.72616445998,-0.0244,118998.81,117387.53,10544367811.57,2025,8
2025-08-19,116251.12,14441863554.129673,412417.0,862190901.6766596,125673.77717487997,-1.0254,118646.7,117331.8,10964827970.61,2025,8
2025-08-20,112816.34,11774848315.666763,424869.0,907230724.8985746,103517.34955069999,-2.9546,117596.28,117181.8,10805741102.18,2025,8
2025-08-21,114263.31,14001832264.62955,447767.0,958704808.5807632,123190.03136726996,1.2826,116296.83,117075.68,10746928483.65,2025,8
2025-08-22,112432.68,15328705213.824976,459717.0,939585701.641628,134169.86564041997,-1.6021,115446.08,116823.39,10934278601.38,2025,8
2025-08-23,116866.95,8101157832.036867,467080.0,980001769.6141683,69864.26387127004,3.9439,115367.15,116759.61,11305162365.95,2025,8
2025-08-24,115372.47,11032407922.931696,525890.0,1057370330.3731811,96251.98661231007,-1.2788,115065.48,116660.26,12219337950.06,2025,8
2025-08-25,113468.36,11581188386.265312,482127.0,909080588.9184059,103372.64112123998,-1.6504,114495.89,116520.92,12323143355.64,2025,8
2025-08-26,110138.68,12519504863.175747,456605.0,967107009.4876657,113517.21668032996,-2.9345,113622.68,116260.64,12048520685.5,2025,8
2025-08-27,111803.49,10326963402.219948,499276.0,967107009.4876657,92455.75216267002,1.5116,113477.99,116005.36,11841679983.58,2025,8
2025-08-28,111252.32,10466099084.99234,575612.0,1025133430.0569257,93023.25056754997,-0.493,113047.85,115779.2,11336575243.64,2025,8
2025-08-29,112572.88,23005469326.788795,596157.0,1063817710.4364324,210265.32106907992,1.187,113067.88,115600.78,12433255831.2,2025,8
2025-08-30,108370.55,9170965525.438213,628513.0,1018686049.9936746,84435.03117802997,-3.733,111854.11,115285.5,12586085501.69,2025,8
2025-08-31,108790.79,4626001308.177331,472908.0,851054168.3491462,42459.620104659996,0.3878,110913.87,115053.39,11670884556.72,2025,8
2025-09-01,108234.82,9872635249.510498,598757.0,1038028190.1834283,90644.84598623004,-0.511,110166.22,114885.79,11426805537.19,2025,9
2025-09-02,109250.51,11472795453.89586,592659.0,1050922950.3099302,103556.77560971,0.9384,110039.34,114776.75,11277275621.57,2025,9
2025-09-03,111202.95,10987680372.68799,411173.0,883291068.6654017,98262.19958889007,1.7871,109953.55,114675.95,11371663760.21,2025,9
2025-09-04,111737.55,10787959326.746689,395181.0,902633208.8551546,97479.85161483,0.4807,110022.86,114564.93,11417643794.75,2025,9
2025-09-05,110732.71,12937939673.7636,416432.0,957592801.7399701,115730.68626955997,-0.8993,109759.98,114451.42,9979425272.89,2025,9
2025-09-06,110657.04,3437337619.6244116,441035.0,946761026.3534616,31067.544743059978,-0.0683,110086.62,114305.84,9160335572.06,2025,9
2025-09-07,110231.14,2596166281.3931866,586276.0,1041437128.988808,23380.22405014,-0.3849,110292.39,114063.19,8870359139.66,2025,9
2025-09-08,111175.46,7661404614.42701,567934.0,1082012601.5468137,68472.57326382003,0.8567,110712.48,113879.82,8554469048.93,2025,9
2025-09-09,112078.8,10652209784.065067,619514.0,1129350652.8644862,95154.86959475,0.8125,111116.52,113732.93,8437242524.67,2025,9
2025-09-10,111523.15,11031790195.23848,643239.0,1149638389.1434891,97949.77891979003,-0.4958,111162.26,113473.86,8443543927.89,2025,9
2025-09-11,113969.34,12917697920.895584,598468.0,1014386813.9501374,113090.05704443001,2.1934,111481.09,113315.64,8747792298.49,2025,9
2025-09-12,115517.68,13838292752.335754,396513.0,811509451.1601102,119950.99491243005,1.3586,112164.66,113160.59,8876414166.85,2025,9
2025-09-13,116105.02,5789043918.79074,533108.0,953523605.1131293,49950.254430539964,0.5084,112942.94,112918.77,9212372209.59,2025,9
2025-09-14,115965.47,3898286436.661168,534198.0,1034674550.2291405,33690.999997449995,-0.1202,113762.13,112838.02,9398389374.63,2025,9
2025-09-15,115384.69,12687401399.611538,535154.0,1102300337.8258162,110068.99727344999,-0.5008,114363.45,112770.2,10116388915.37,2025,9
2025-09-16,115402.4,11014563418.224216,536633.0,1082012601.5468137,95060.14163452997,0.0153,114838.25,112700.81,10168153720.25,2025,9
2025-09-17,116797.5,12962249455.147718,362913.0,865610081.2374508,111547.60711133001,1.2089,115591.73,112678.87,10443933614.52,2025,9
2025-09-18,116453.08,13510976822.137205,448521.0,1087599379.1411881,115172.17625471999,-0.2949,115946.55,112685.6,10528687743.27,2025,9
2025-09-19,117128.97,11918810025.118149,478312.0,1188749380.7897809,102362.57418802005,0.5804,116176.73,112829.36,10254475925.1,2025,9
2025-09-20,115691.4,6506869820.089035,498549.0,1082611043.2192645,56113.9379623,-1.2273,116117.64,112876.96,10357022482.43,2025,9
2025-09-21,115751.15,3521336291.7833223,513490.0,1146294045.7615743,30420.397347089987,0.0516,116087.03,112987.58,10303172461.73,2025,9
2025-09-22,115317.03,15430507426.449467,456797.0,1061383375.7051616,136137.25130403994,-0.375,116077.36,112935.91,10695044751.28,2025,9
2025-09-23,112752.31,13380103763.332317,495947.0,1018928040.676955,118664.36173373,-2.2241,115698.78,112848.57,11032979086.29,2025,9
2025-09-24,112010.28,11030120453.67821,522936.0,1082611043.2192645,97600.27836607001,-0.6581,115014.89,112799.97,10756960657.51,2025,9
2025-09-25,113316.86,14251956295.883837,431725.0,997700373.1628518,127939.56520917997,1.1665,114566.86,112905.91,10862814868.05,2025,9
2025-09-26,109036.72,16962966523.57071,419078.0,934017370.6205422,154741.63407283006,-3.7771,113410.82,112813.69,11583408653.54,2025,9
2025-09-27,109698.86,5814233429.462753,526116.0,1096762821.5620003,52949.81522571998,0.6073,112554.74,112761.9,11484460597.74,2025,9
2025-09-28,109688.85,4533682940.126207,635424.0,1167521713.2756777,41200.828144589985,-0.0091,111688.7,112665.77,11629081547.5,2025,9
2025-09-29,112177.12,12421806232.98834,444460.0,990624483.9914839,109644.49760785,2.2685,111240.14,112792.66,11199267091.29,2025,9
2025-09-30,114404.31,18752461459.12848,555361.0,1139218156.5902066,164936.52655913,1.9854,111476.14,112979.77,11966746762.12,2025,9
2025-10-01,114034.76,17914942537.91964,473880.0,1076906913.283782,154148.00208738,-0.323,111765.35,113173.1,12950292774.15,2025,10
2025-10-02,118617.71,18501831007.64977,381586.0,1019764936.475331,154903.1230271,4.0189,112522.62,113485.34,13557417732.98,2025,10
2025-10-03,120627.96,23124603287.085655,387726.0,884796047.8241848,190983.25345785002,1.6947,114178.51,113799.51,14437651556.34,2025,10
2025-10-04,122282.99,8476077417.44032,422031.0,1004768393.2918702,69425.73038399,1.372,115976.24,114151.03,14817914983.19,2025,10
2025-10-05,122433.34,7752284226.2383795,525372.0,1117242467.1678262,62646.180838189975,0.123,117796.88,114541.05,15277715166.92,2025,10
2025-10-06,123519.47,16874408670.71981,431274.0,922287405.7828363,135410.93626760997,0.8871,119417.22,114969.79,15913801229.45,2025,10
2025-10-07,124776.68,19430972127.380543,430492.0,1034761479.6587919,157456.59540416003,1.0178,120898.99,115454.65,16010731324.92,2025,10
2025-10-08,121425.01,19009027532.640343,427474.0,1109744195.5760958,155087.79116722004,-2.6861,121954.74,115796.3,16167029181.31,2025,10
2025-10-09,123341.25,15183418026.848045,367782.0,899792591.007645,124715.15218261,1.5781,122629.53,116171.71,15692970184.05,2025,10
2025-10-10,121684.39,15376547532.03535,418155.0,989771850.1084098,129209.38869059001,-1.3433,122780.45,116510.42,14586105076.19,2025,10
2025-10-11,113139.0,13979800173.011082,444087.0,1102245923.9843652,124564.38762504996,-7.0226,121474.16,116482.74,15372351184.12,2025,10
2025-10-12,110787.57,5559262421.031401,463487.0,1087249380.8009045,49313.61679871997,-2.0784,119810.48,116325.07,15059062354.81,2025,10
2025-10-13,115105.0,9071959222.90638,491572.0,1139737281.943017,78787.37658943003,3.897,118608.41,116291.74,13944426719.41,2025,10
2025-10-14,115216.47,19576688920.433247,562791.0,1267207899.0024335,174064.82567448006,0.0968,117242.67,116266.77,13965243404.13,2025,10
2025-10-15,113092.61,21854225093.273422,480244.0,1079751109.2091742,194714.55587478995,-1.8434,116052.33,116190.37,14371700198.51,2025,10
2025-10-16,110784.88,13182320922.085176,497400.0,1124278123.987008,119462.70229669998,-2.0406,114258.56,116036.45,14085829183.54,2025,10
2025-10-17,108192.62,16097643605.953632,480068.0,1159633832.2093213,150669.15717453993,-2.3399,112331.16,115749.62,14188842908.38,2025,10
2025-10-18,106466.05,5298430674.653136,564018.0,1203393599.4625034,49466.9277942,-1.5958,111377.89,115416.72,12948647265.76,2025,10
2025-10-19,107209.72,5022667331.842184,443253.0,1013767941.3653816,46572.60637686998,0.6985,110866.76,115086.08,12871990824.45,2025,10
2025-10-20,108688.24,11951029124.0078,424653.0,1086700886.7873514,107743.17876165,1.3791,109950.08,114852.64,13283286524.61,2025,10
2025-10-21,110576.7,14951638311.044374,429039.0,1093994181.3295484,135834.76345763993,1.7375,109287.26,114680.16,12622565008.98,2025,10
2025-10-22,108448.06,15261276545.144241,489141.0,1115874064.956139,141112.97882927992,-1.925,108623.75,114451.19,11680715216.39,2025,10
2025-10-23,107614.03,12186213034.972124,426260.0,1035647824.9919723,111365.12703288997,-0.7691,108170.77,114279.92,11538414089.66,2025,10
2025-10-24,110082.72,12416172617.763527,571212.0,1305499723.053261,112065.44252351993,2.294,108440.79,114215.66,11012489662.78,2025,10
2025-10-25,111020.53,4877663200.916018,504399.0,1166927126.751518,43808.77788056001,0.8519,109091.43,114139.12,10952380023.67,2025,10
2025-10-26,111637.64,6847085319.891039,521328.0,1072114297.7029574,60716.37936568999,0.5559,109723.99,114225.82,11213011164.82,2025,10
2025-10-27,114531.59,16107727421.004858,507349.0,1072114297.7029574,139854.47083500004,2.5923,110558.75,114386.91,11806825207.25,2025,10
2025-10-28,114121.46,14459499246.59532,524707.0,1181513715.835912,126613.67375878002,-0.3581,111065.15,114534.66,11736519626.61,2025,10
2025-10-29,112923.91,13004147601.963224,392028.0,929747081.6588961,115717.30287684994,-1.0494,111704.55,114559.56,11414072634.73,2025,10
2025-10-30,110068.52,14514069160.323538,554058.0,1240553837.6668227,133306.12137997005,-2.5286,112055.2,114415.03,11746623509.78,2025,10
2025-10-31,108303.21,15203643065.771168,460063.0,1085484607.9584696,138344.7302077999,-1.6038,111800.98,114223.98,12144833573.78,2025,10
2025-11-01,109552.54,7076005652.664974,391320.0,1069977684.9876347,64210.75076070998,1.1535,111591.27,113921.81,12458882495.46,2025,11
2025-11-02,110047.16,3304825232.249682,408092.0,1201786530.2397344,29894.65991121,0.4515,111364.06,113569.11,11952845340.08,2025,11
2025-11-03,110601.99,14288895727.776064,447703.0,1100991530.929305,132934.68068265993,0.5042,110802.68,113179.75,11693012241.05,2025,11
2025-11-04,106533.38,17542018755.260174,375984.0,1015703454.5897113,169880.17927267004,-3.6786,109718.67,112649.75,12133372170.86,2025,11
2025-11-05,101523.49,13419921893.468367,396072.0,1069977684.9876347,130444.17649972004,-4.7026,108090.04,111916.55,12192768498.22,2025,11
2025-11-06,103883.58,15636906418.271948,416278.0,1085484607.9584696,152400.71896943008,2.3247,107206.48,111220.11,12353173820.78,2025,11
2025-11-07,101282.56,21461779028.83144,476245.0,1100991530.929305,211449.15030838005,-2.5038,106203.53,110548.7,13247193244.07,2025,11
2025-11-08,103328.81,4367137226.846394,351420.0,930415378.2501172,42605.12560223001,2.0203,105314.42,109881.61,12860212040.39,2025,11
2025-11-09,102280.42,3067078992.712991,466347.0,1093238069.4438875,29786.29331803,-1.0146,104204.89,109234.82,12826248291.88,2025,11
2025-11-10,104712.19,11484375771.963436,449593.0,1085484607.9584696,108484.49567830001,2.3776,103363.49,108953.92,12425602583.91,2025,11
2025-11-11,105962.29,10951056954.68874,481949.0,1186279607.2688992,104587.45996221995,1.1938,103281.91,108793.08,11484036612.4,2025,11
2025-11-12,103017.87,10604955346.718935,451023.0,1086613750.3494294,102660.48687111998,-2.7787,103495.39,108390.17,11081898534.29,2025,11
2025-11-13,101659.07,13088012217.047039,,,129058.86738307007,-1.319,103177.6,107938.26,10717770791.26,2025,11
2025-11-14,99675.15,24377100196.130707,,,252459.3167212,-1.9515,102947.97,107491.01,11134245243.73,2025,11
2025-11-15,94399.23,5644973418.0668,,,58775.836249449996,-5.2931,101672.32,106944.82,11316793271.05,2025,11
2025-11-16,95534.16,4776084095.964514,581852.0,1203542966.8475492,50153.382651590015,1.2023,100708.57,106522.88,11560936857.23,2025,11
2025-11-17,94187.75,19283577618.702053,415543.0,938612125.0886546,204612.45869375995,-1.4093,99205.07,106113.6,12675108549.62,2025,11
2025-11-18,92093.24,21605870788.453686,317239.0,1006737198.683799,235143.51367586004,-2.2238,97223.78,105609.72,14197224811.58,2025,11
2025-11-19,92979.11,17471565470.769844,361791.0,1037015009.1705301,191714.76735163998,0.9619,95789.67,105086.08,15178169115.02,2025,11
2025-11-20,91453.07,15177174553.160692,361895.0,991598293.4404337,168458.3316679901,-1.6413,94331.67,104448.62,15476620877.32,2025,11
2025-11-21,86467.17,21796370449.694958,413267.0,1142987345.8740876,258144.95656521,-5.4519,92444.82,103715.93,15107945199.26,2025,11
2025-11-22,85096.82,58388673977.72743,472342.0,1082431724.900626,689189.8360110199,-1.5848,91115.9,102965.35,22642759564.92,2025,11
2025-11-23,84677.63,17954745701.83514,317173.0,1074862272.2789433,210284.44049084003,-0.4926,89564.97,102118.52,24525425508.62,2025,11
2025-11-24,86786.92,14112416699.0278,400125.0,1082431724.900626,161658.31187932,2.491,88507.71,101310.73,23786688234.38,2025,11
2025-11-25,88276.26,11012928544.071537,350825.0,870487051.4935104,125835.93345726,1.7161,87962.43,100532.02,22273410770.9,2025,11
2025-11-26,87330.85,9204012840.881035,477042.0,1241390229.9559624,104415.97969886998,-1.071,87155.53,99625.33,21092331823.77,2025,11
2025-11-27,90517.55,9062460320.883312,403825.0,1061465507.6302311,99182.71522846994,3.649,87021.89,98838.53,20218801219.16,2025,11
2025-11-28,91305.47,9697972473.083769,511691.0,1113270480.6428328,105960.00355916997,0.8705,87713.07,98117.92,18490458651.07,2025,11
2025-11-29,90915.26,3552877104.767845,400703.0,1016787038.987121,39072.05507172001,-0.4274,88544.28,97479.47,10656773383.51,2025,11
2025-11-30,90830.82,3541872047.362618,517534.0,1239441135.1156871,38762.25978227001,-0.0929,89423.3,96897.06,8597791432.87,2025,11
2025-12-01,90376.43,13435643673.40069,402123.0,987099826.1699785,155833.04245539007,-0.5003,89936.09,96257.86,8501109572.06,2025,12
2025-12-02,86316.42,10845653512.26919,412650.0,942569006.9442655,121279.11339049,-4.4923,89656.11,95466.83,8477213138.95,2025,12
2025-12-03,91320.47,12509377018.149723,429624.0,979678022.9656931,134840.01764818002,5.7973,90226.06,94824.11,8949408021.42,2025,12
2025-12-04,93468.15,8105660617.511551,414109.0,979678022.9656931,87324.46945927001,2.3518,90647.57,94388.61,8812722349.51,2025,12
2025-12-05,92141.99,10280986733.847937,356330.0,883194581.309981,113460.30515090999,-1.4188,90767.08,94075.89,8896010101.04,2025,12
2025-12-06,89343.14,3044783369.686914,527061.0,1209753922.2985451,33967.75019777,-3.0375,90542.49,93591.21,8823425281.75,2025,12
2025-12-07,89230.51,2501885859.6408043,543191.0,1187488512.6856885,27871.32259132,-0.1261,90313.87,93189.47,8674855826.36,2025,12
2025-12-08,90455.3,13483240526.988363,580273.0,1098426874.2342618,148058.30925102002,1.3726,90325.14,92760.36,8681655376.87,2025,12
2025-12-09,90643.57,9695891171.237087,448961.0,957412613.3528363,105559.7755715,0.2081,90943.3,92372.46,8517403613.87,2025,12
2025-12-10,92703.59,11784957025.173037,550483.0,1150379496.6642606,127509.54987238,2.2727,91140.89,91972.18,8413915043.44,2025,12
2025-12-11,91985.09,10736904008.783623,472857.0,1179902024.3226545,118574.00307629998,-0.7751,90929.03,91506.27,8789806956.48,2025,12
2025-12-12,92497.93,10803224575.612886,417151.0,1068190154.3848839,118148.00342703995,0.5575,90979.88,91155.6,8864412362.45,2025,12
2025-12-13,90269.59,4017753379.5852885,495923.0,1053456497.083023,44478.118546040016,-2.4091,91112.23,90775.95,9003408078.15,2025,12
2025-12-14,90280.87,2848683491.374594,416686.0,942954067.3190697,31806.109473630004,0.0125,91262.28,90462.81,9052950596.96,2025,12
2025-12-15,88166.45,8379084323.59204,423355.0,987155039.2246507,95577.42904675004,-2.342,90935.3,90255.05,8323785425.05,2025,12
2025-12-16,86422.9,10531766894.152073,443734.0,1082923811.686744,120828.48353467,-1.9776,90332.35,89951.34,8443196242.61,2025,12
2025-12-17,87835.39,12489831561.278057,446512.0,1016622353.8283721,142810.62275886,1.6344,89636.89,89739.6,8543892604.91,2025,12
2025-12-18,86132.82,9848892393.375822,463881.0,1060823325.7339536,113334.19306397003,-1.9384,88800.85,89540.92,8417033802.71,2025,12
2025-12-19,85458.35,8969389739.72798,434180.0,1068190154.3848839,102233.35540229002,-0.7831,87795.2,89290.23,8155057397.58,2025,12
2025-12-20,88098.82,4973933952.339513,440896.0,1082923811.686744,56333.28063036002,3.0898,87485.09,89178.42,8291654622.26,2025,12
2025-12-21,88337.41,2519189997.1456137,441101.0,1016622353.8283721,28522.44517350001,0.2708,87207.45,89240.76,8244584123.09,2025,12
2025-12-22,88615.72,8820610202.54576,427277.0,1023989182.4793022,98840.19783789001,0.3151,87271.63,89358.06,8307659248.65,2025,12
2025-12-23,88485.37,12185261277.52939,431004.0,1068190154.3848839,138971.15806203996,-0.1471,87566.27,89484.98,8543872731.99,2025,12
2025-12-24,87424.67,11504123666.75912,501255.0,1171325755.4979067,131841.99539690997,-1.1987,87507.59,89506.24,8403057318.49,2025,12
2025-12-25,87607.78,3024468762.6361113,464027.0,1016973817.768314,34436.06582332998,0.2094,87718.3,89483.96,7428139656.95,2025,12
2025-12-26,87223.66,9450221823.643654,517078.0,1149714808.6043208,107545.51440204999,-0.4385,87970.49,89480.38,7496829954.66,2025,12
2025-12-27,87300.34,3357464428.8442717,470913.0,1002315474.1678696,38331.70564519002,0.0879,87856.42,89373.14,7265905737.01,2025,12
2025-12-28,87790.37,2110737904.6223104,543992.0,1142344841.882498,24025.474084030004,0.5613,87778.27,89255.97,7207555438.08,2025,12
2025-12-29,87835.12,17986843413.77039,547262.0,1134974875.1606758,204341.06918392997,0.051,87666.76,89153.3,8517017325.4,2025,12
2025-12-30,87123.05,12213235203.818419,369499.0,877026039.8968855,138538.20061906992,-0.8107,87472.14,89029.71,8521013600.58,2025,12
2025-12-31,88423.54,17317990785.43975,408137.0,980205574.0024016,196214.68867961015,1.4927,87614.84,88964.61,9351566046.11,2025,12
2026-01-01,87493.87,5461748379.32022,469099.0,1112864974.9952078,62095.39928878998,-1.0514,87598.56,89003.86,9699748848.49,2026,1
2026-01-02,88735.0,8968206910.814333,458965.0,1061275207.9424502,100089.24139228999,1.4185,87814.47,88917.68,9630889575.23,2026,1
2026-01-03,89944.05,2473500733.0217514,501272.0,1142344841.882498,27468.138715120007,1.3625,88192.14,88800.21,9504609047.26,2026,1
2026-01-04,90590.94,2506209767.9706717,474589.0,1068645174.6642727,27466.058207409988,0.7192,88592.22,88748.51,9561105027.74,2026,1
2026-01-05,91467.97,11806112633.600658,409625.0,972835607.2805791,126502.22571417998,0.9681,89111.2,88819.33,8678143487.71,2026,1
2026-01-06,93882.39,11114364069.907026,424895.0,958095673.8369341,119316.07610386,2.6396,90076.82,88974.4,8521161897.15,2026,1
2026-01-07,93738.8,9963351045.469955,425191.0,1083385108.1079175,108411.73846815001,-0.1529,90836.15,89083.85,7470499077.16,2026,1
2026-01-08,91272.61,9338603708.545887,334415.0,965289669.1289088,103033.5903669,-2.6309,91375.97,89104.82,8024335552.76,2026,1
2026-01-09,91030.38,12518853021.095198,355655.0,1033929118.9983668,137892.56708015996,-0.2654,91703.88,89049.04,8531570711.37,2026,1
2026-01-10,90495.68,8121569827.731763,488786.0,1179552938.5756013,89598.92895526002,-0.5874,91782.68,88999.39,9338437724.9,2026,1
2026-01-11,90378.79,4985913693.124658,290317.0,888305299.4211321,54946.895389329955,-0.1292,91752.37,88928.76,9692681142.78,2026,1
2026-01-12,90818.26,10984133269.750414,411249.0,1033929118.9983668,120391.08666761997,0.4863,91659.56,88947.05,9575255519.37,2026,1
2026-01-13,91193.7,14002042935.92521,336329.0,982960782.146335,151314.82390843,0.4134,91275.46,88977.47,9987781071.66,2026,1
2026-01-14,95333.81,13059243547.161377,324327.0,902867681.3788556,136000.10635727,4.5399,91503.32,89216.39,10430051429.05,2026,1
2026-01-15,96931.94,13357960101.245293,374223.0,1012085546.0617816,138599.35788631,1.6764,92311.79,89566.69,11004245199.43,2026,1
2026-01-16,95559.97,9372781612.330635,361943.0,946554827.2520258,98408.96808169995,-1.4154,92958.88,89824.17,10554806426.75,2026,1
2026-01-17,95527.94,2998686754.598215,357391.0,1084897455.850399,31462.95143878001,-0.0335,93677.77,90137.34,9822965987.73,2026,1
2026-01-18,95097.89,2353607702.805856,332526.0,1019366737.0406432,24730.915598120002,-0.4502,94351.93,90458.66,9446922274.83,2026,1
2026-01-19,93665.1,5014634720.103577,354595.0,1092178646.8292608,53956.62458463,-1.5066,94758.62,90644.2,8594136767.74,2026,1
2026-01-20,92553.06,9822935837.808207,383148.0,968398400.1886113,108204.17942140001,-1.1873,94952.82,90784.73,7997121468.01,2026,1
2026-01-21,88324.94,13390535599.00566,428195.0,997523164.104058,150297.6074467101,-4.5683,93951.55,90775.03,8044448903.99,2026,1
2026-01-22,89374.74,10568754612.948172,464040.0,1163912656.954194,117952.54613905004,1.1886,92871.95,90804.68,7645990977.09,2026,1
2026-01-23,89461.76,6994781333.942334,436563.0,985930374.4704596,77975.47355235997,0.0974,92000.78,90872.58,7306276651.6,2026,1
2026-01-24,89506.0,2116227259.4964585,289144.0,690151262.1293219,23630.62861309999,0.0495,91140.5,90935.86,7180211009.44,2026,1
2026-01-25,89082.07,3966994210.6755815,314920.0,760574860.3057833,45074.82140886999,-0.4736,90281.1,90997.8,7410694796.28,2026,1
2026-01-26,86570.94,7681814789.554701,402432.0,873252617.3881215,87436.72733284994,-2.8189,89267.64,90973.49,7791720520.49,2026,1
2026-01-27,88245.67,6067747727.70262,362327.0,859167897.7528292,68663.71498177,1.9345,88652.3,90988.67,7255265076.19,2026,1
2026-01-28,89117.06,8693559628.841545,336095.0,774659579.9410756,97106.82152853998,0.9875,88765.46,91031.4,6584268509.02,2026,1
2026-01-29,89159.85,9789073414.457756,428725.0,901422056.6587061,113646.41736162001,0.048,88734.76,91099.29,6472885480.67,2026,1
2026-01-30,84563.4,14841644208.141388,380796.0,922549136.1116446,178114.61969904,-5.1553,88035.0,90970.62,7593865891.27,2026,1
2026-01-31,84120.31,8589408432.090025,405402.0,971845654.8351676,106217.36022277997,-0.524,87265.61,90858.17,8518606058.78,2026,1
2026-02-01,78585.89,7846770887.604803,352779.0,838040818.299891,100311.95663157996,-6.5792,85766.16,90519.86,9072859869.77,2026,2
2026-02-02,76879.64,15680747255.192636,357323.0,830998458.4822448,201385.57277339004,-2.1712,84381.69,90084.38,10215564507.72,2026,2
2026-02-03,78679.78,13344411909.709486,435461.0,929591495.9292907,173150.55718478994,2.3415,83015.13,89687.34,11255087962.29,2026,2
2026-02-04,75631.64,14008595911.570457,411218.0,1000015094.105752,187630.35561482012,-3.8741,81088.64,89159.47,12014378859.82,2026,2
2026-02-05,73004.18,21139302346.193314,384550.0,894379696.8410602,309372.6399197202,-3.474,78780.69,88463.53,13635840135.79,2026,2
2026-02-06,62812.06,18901527089.30478,410157.0,1021142173.5586905,281333.36046701984,-13.961,75673.36,87432.64,14215823404.52,2026,2
2026-02-07,70520.32,6122926408.364181,494507.0,1116396723.6283798,88104.82898806002,12.2719,73730.5,86740.89,13863468829.71,2026,2
2026-02-08,69282.65,4243821725.8114414,507211.0,1063649660.9826868,60148.27717434998,-1.7551,72401.47,86015.97,13348761806.59,2026,2
2026-02-09,70284.84,11888159988.016224,402013.0,1019852322.0010467,169869.02436974997,1.4465,71459.35,85342.27,12806963625.57,2026,2
2026-02-10,70131.23,9547620583.008541,385928.0,900973830.4794525,137819.48946630006,-0.2186,70238.13,84667.35,12264564864.61,2026,2
2026-02-11,68794.25,8491239760.042006,455182.0,982311745.7310699,126342.80137778,-1.9064,69261.36,83933.22,11476371128.68,2026,2
2026-02-12,66979.72,9661389136.315762,484938.0,1107446999.964327,144633.06323517012,-2.6376,68400.72,83126.09,9836669241.55,2026,2
2026-02-13,66205.98,9201319258.50435,529750.0,944771169.4610924,135589.13651293996,-1.1552,68885.57,82155.16,8450925265.72,2026,2
2026-02-14,68851.99,3840029082.300078,537394.0,1038622610.1360354,55257.36902154998,3.9966,68647.24,81219.16,8124797076.29,2026,2
2026-02-15,69754.68,1929666958.9573793,701969.0,1232582254.1975844,27741.567330269998,1.3111,68714.67,80358.99,7794203538.16,2026,2
2026-02-16,68784.72,4693867812.997321,526061.0,1094933474.5410013,68551.60177542001,-1.3905,68500.37,79467.55,6766447513.16,2026,2
2026-02-17,68840.26,6373218850.178365,659135.0,1032365847.4243727,93870.95951380001,0.0807,68315.94,78592.29,6312961551.33,2026,2
2026-02-18,67459.99,,,,,-2.005,68125.33,77718.79,5949915183.21,2026,2
